Turnir,od,do,EventID,Organizator(i),Direktor turnira,Glavni sudac,Zamjenik glavnog suca,Sudac,Lokacija,Tempo igre,FED,State,Zadnja izmjena,ekipe,n,Rd,Rd-Akt,DB-Key,System
"4. OTVORENI MEĐUNARODNI ŠAHOVSKI TURNIR DUBROVNIK ADVENT 2026Dubrovnik, Valamar Lacroma Dubrovnik Hotel, 17.12-20.12.2026.",20261217,20261220,0,"ŠK Dubrovnik, Dubrovnik","Ivan Potrebica (CRO, 14596024)","IA Sulejman Islamović (CRO, 14516659)",,,"Dubrovnik, Valamar Lacroma Dubrovnik Hotel, Iva Dulčića 34",60 minuta za cijelu partiju s dodatkom 30 sekundi po potezu počevši od prvog poteza (Fischer),CRO,,03.07.2026  20:59,0,39,7,0,1432775,Schweizer System
5. OPEN ARSENAL HVAR 2026,20261019,20261025,449461,Chess Club Hvar,Pavle Palić [CRO] [14515237],IA Nenad Dorić [CRO] [14501694],NA Mateo Petričević [CRO] [14553295] & NA Ilija Knezović [CRO] [14538474],NA Marija Bilješko [CRO] [14561484] & NA Ivan Potrebica [CRO] [14596024] & NA Neno Simunić [CRO] [14515709],"Hvar, Arsenal Hvar",90 minutes with an increment of 30 seconds per move starting as of move 1,CRO,,14.07.2026  14:47,0,138,9,0,1282073,Schweizer System
Zagreb Open 2026. - VIII. Memorijal Krunoslava Hulaka,20260920,20260927,1441656,Zagrebački šahovski savez,Saša Hunjak,Josip Bandur IA 14534002,,,"Kongresna dvorana Globus, Zagrebački velesajam, Avenija Dubrovnik 15, Zagreb",90 minuta + 30 sekundi dodatka po završenom potezu,CRO,,14.07.2026  08:22,0,20,9,0,1441656,Schweizer System
Morihana Wellness Chess Tour Croatia 2026 Selce-Crikvenica Hotel MARINA****Selce  26-30. August 2026,20260826,20260830,483274,"(753564) Jeszenszky Jozsef, AO  +36 30 640 3361","(738212) Szamoskozi Peter, IO","(922765) Brindza Istvan, IA",,,"Selce (CRO), E. Antica 73",90+90 minutes with 30 second increment from move 1 till the end game,CRO,,13.07.2026  21:46,0,19,7,0,1412103,Schweizer System
18. Open Hum na Sutli 2026Međunarodno otvoreno prvenstvo KZŽ-e (22.-29.8.2026.),20260822,20260829,467156,"Šahovski klub Straža, Hum na Sutli",Josip Krklec 14529211,"IA Radmila Švaljek,  14501759","IA Mirjana Medić,  14501619",,"Hum na Sutli, Vatrogasni dom DVD-Straža","90 minuta po igraču + dodatak od 30 sekundi za svaki potez, počevši od prvoga",CRO,,13.07.2026  18:50,0,24,9,0,1377319,Schweizer System
"Zadar Chess Festival, A-turnir, Zadar, 22.08.-29.08.2026.",20260822,20260829,476292,"ŠK Casper, Zadar",Veljko Šagi [CRO] [14528762],"Krunoslav Lesic, IA [CRO][14505258]","Nazi Hemati, FA [IRI][12535222], Marija Bilješko, NA [CRO][14561484]","Andrea Stojanović, NA (ks)[CRO][14534495]","Zadar, Centar za mlade Zadar, Stjepana Radića 11c","90'+30""",CRO,,14.07.2026  14:15,0,7,9,0,1393079,Schweizer System
"Zadar Chess Festival, B-turnir, Zadar, 22.08.-29.08.2026.",20260822,20260829,476293,"ŠK Casper, Zadar",Veljko Šagi [CRO] [14528762],"Krunoslav Lešić, IA [CRO][14505258]","Nazi Hemati, FA [IRI][12535222], Marija Bilješko, NA [CRO][14561484]","Andrea Stojanović, NA (ks)[CRO][14534495]","Zadar, Centar za mlade Zadar, Stjepana Radića 11c","90'+30""",CRO,,14.07.2026  14:15,0,27,9,0,1393080,Schweizer System
"Zadar Chess Festival, C-turnir, Zadar, 22.08.-29.08.2026.",20260822,20260829,476294,"ŠK Casper, Zadar",Veljko Šagi [CRO] [14528762],"Krunoslav Lešić, IA [CRO][14505258]","Nazi Hemati, FA [IRI][12535222], Marija Bilješko, NA [CRO][14561484]","Andrea Stojanović, NA [CRO][14534495]","Zadar, Centar za mlade Zadar, Stjepana Radića 11c","90'+30""",CRO,,14.07.2026  14:15,0,37,9,0,1393083,Schweizer System
"ŠESTI MEĐUNARODNI ŠAHOVSKI TURNIR OPEN ""GRADIŠTE"" 2026. 21-27. 08.2026.",20260821,20260827,0,ŠK Slavonac Gradište,"Srećko Papac, 4580926","Branko Vidačković, IA 14509229","Ivan Stojanović,  14532840 NA (ŽS)","Luka Akrap, 4585804, NA (KS)","Gradište, Zgrada za djecu,odrasle i umirovljenike Trg Hrvatskih Velikana 36",90 minutes with 30 seconds cumulative increment for each move starting from first move,CRO,,12.07.2026  10:43,0,66,9,0,1365583,Schweizer System
"15. SPLIT OPEN - ŠAHOVSKI FESTIVAL 2026    ""FINANCIALLY SUPPORTED BY FIDE""",20260806,20260814,0,Šahovski klub BRDA,Mateo Ivić,Vladimir Cvetnić IA,Denis Brulić IA,Marko Šekelja NA (DS) Tomaš Ante NA (DS),"Split, Hotel Zagreb , Put Duilova 23",90 minuta s dodatkom 30 sekundi po potezu počevši od prvog,CRO,,14.07.2026  13:39,0,147,10,0,1371053,Schweizer System
"MEMORIJALNI TURNIR IZIDOR GROSS 2026. - 11.7. od 17 sati- Karlovac, Mije Krešića 4",20260711,20260711,0,Karlovački šahovski klub,Željko Bedić,Dejan Glišić (WhatsApp 091-6030-341),,,"Karlovac, Mije Krešića 4",120',CRO,,08.07.2026  15:08,0,9,1,0,1440243,Schweizer System
Pojedinačno juniorsko prvenstvo Koprivničko-križevačke županije za 2026- juniori U19,20260710,20260711,487063,Šahovski savez Koprivničko-križevačke županije,Nikola Mihočka,"NA (ds) Borislav Vidović, 14533634",,"NA (ks) Lovro Koštić, 14544806 prijenos uživo","Prostorije ŠŠK Podravke, Ante Starčevića 15, Koprivnica",60 minuta plus 30 sekundi,CRO,,11.07.2026  15:55,0,9,5,5,1447674,Schweizer System
"9th International Chess Tournament, ""Solta Chess Open 2026"", Grohote, 23.06.-30.06.2026.",20260623,20260630,462315,"Chess Club Brda, Split","Mateo Ivic, FM [CRO] [14504146]","Mladen Bratosevic, IA [CRO] [14506203]","Krunoslav Lesic, IA [CRO] [14505258]","Mateo Petricevic, NA [CRO] [14553295], Ivan Potrebica, NA [CRO] [14596024]","Solta [CRO], Grohote, House of culture","90'+30""",CRO,,30.06.2026  13:09,0,75,9,9,1332976,Schweizer System
Pojedinacno prvenstvo Hrvatske za slijepe i slabovidne,20260622,20260628,0,HŠSSIS,,"Mijatovic, Zoran 14530791","IA Valkovic, Kristian 14513200","Valkovic, Valter 14514931",Premantura,120/40 + 30min,CRO,,28.06.2026  08:28,0,11,7,7,1442422,Schweizer System
POJEDINAČNO PRVENSTVO BPŽ 20.-22. LIPNJA 2026.,20260620,20260622,0,Šahovski savez Brodsko-posavske županije,,Ivan Đančević,,,"Gundinci, Ulica Stjepana Radića 2",60 minuta + 30 sekundi,CRO,,15.05.2026  14:44,0,0,6,0,1416105,Schweizer System
International Chess Tournament 38th Open Pula 2026- Hotel Park Plaza Histria (13.06.-21.06.2026.),20260613,20260621,451561,"CC Pula, Pula","Valter Valkovic (CRO, 14514931)","IA Kristian Valkovic (CRO, 14513200)",IA Lena Govedarica (942553); IA Sulejman Islamovic (14516659),IA Zoran Mijatovic 14530791; NA Valter Valkovic 14514931; NA Mile Ostojic 14586452; NA Husnija Saric 14509296,"Pula, Hotel Park Plaza Histria (Congress hall)",90 minutes with 30 second increment from move 1,CRO,,21.06.2026  14:16,0,263,9,9,1293430,Schweizer System
POJEDINAČNO JUNIORSKO PRVENSTVO DUBROVAČKO-NERETVANSKE ŽUPANIJE ZA 2026.,20260619,20260621,483479,Šahovski savez Dubrovačko-neretvanske županije,"Ivan Potrebica (14596024), Leonardo Jerković (334033448)",NA (žs) Leonardo Jerković (334033448),NA (ks) Ivan Potrebica (14596024),,"Dubrovnik, Prostorije ŠK Dubrovnik, Liechtensteinov put 12",60 minuta po igraču s dodatkom 30 sekundi po dovršenom potezu počevši od prvoga,CRO,,21.06.2026  20:07,0,7,5,5,1425376,Schweizer System
Pojedinačno kadetsko prvenstvo Hrvatske 2026  - kadeti do 7 godina -,20260612,20260615,0,Hrvatski šahovski savez,"Stjepan Novak, 14510936","IA Saša Stanković,  14511436","DS Mateo Stanković, 14539632",,"Čakovec, hotel Park,  Zrinsko-Frankopanska 14",30 minuta + 30 sekundi dodatka za svaki potez,CRO,,15.06.2026  11:33,0,28,9,9,1422272,Schweizer System
3. međunarodni turnir Ivanec open 2026,20260612,20260614,472051,Šahovski klub Ivanec,Ivica Friščić,"Predrag Križanić, županijski sudac","Mladen Hojsak, klupski sudac","Ivica Friščić, klupski sudac",Horvatsko kod Ivanca,60 min + 30 sek,CRO,,14.06.2026  17:05,0,80,7,7,1368961,Schweizer System
35. OBLJETNICA SMOTRE ZNG,20260530,20260531,480184,"ŠK Aer, Udruga BRANA",Dejan Glišić,"Dejan Glišić, NA",,,"Zagreb, Pavla Hatza 16","30'+30""",CRO,,03.06.2026  18:58,0,31,7,7,1409843,Schweizer System
POJEDINAČNO KADETSKO PRVENSTVO DUBROVAČKO-NERETVANSKE ŽUPANIJE ZA 2026. - U08 O,20260516,20260517,0,Šahovski savez Dubrovačko-neretvanske županije,"Ivan Potrebica (14596024), Leonardo Jerković (334033448)",NA (žs) Leonardo Jerković (334033448),,,"Dubrovnik, Hotel Kompas (dvorana Meridien), Kardinala Stepinca 21",30 minuta po igraču s dodatkom 30 sekundi po završenom potezu počevši od prvoga,CRO,,17.05.2026  11:15,0,9,5,5,1405485,Schweizer System
POJEDINAČNO KADETSKO PRVENSTVO DUBROVAČKO-NERETVANSKE ŽUPANIJE ZA 2026. - U10 O,20260516,20260517,0,Šahovski savez Dubrovačko-neretvanske županije,"Ivan Potrebica (14596024), Leonardo Jerković (334033448)",NA (žs) Leonardo Jerković (334033448),,,"Dubrovnik, Hotel Kompas (dvorana Meridien), Kardinala Stepinca 21",30 minuta po igraču s dodatkom 30 sekundi po završenom potezu počevši od prvoga,CRO,,17.05.2026  11:44,0,8,5,5,1400758,Schweizer System
POJEDINAČNO KADETSKO PRVENSTVO DUBROVAČKO-NERETVANSKE ŽUPANIJE ZA 2026. - U12 O,20260516,20260517,477296,Šahovski savez Dubrovačko-neretvanske županije,"Ivan Potrebica (14596024), Leonardo Jerković (334033448)",NA (žs) Leonardo Jerković (334033448),,,"Dubrovnik, Hotel Kompas (dvorana Meridien), Kardinala Stepinca 21",30 minuta po igraču s dodatkom 30 sekundi po završenom potezu počevši od prvoga,CRO,,17.05.2026  12:37,0,11,5,5,1401012,Schweizer System
POJEDINAČNO KADETSKO PRVENSTVO DUBROVAČKO-NERETVANSKE ŽUPANIJE ZA 2026. - U16 O,20260516,20260517,477291,Šahovski savez Dubrovačko-neretvanske županije,"Ivan Potrebica (14596024), Leonardo Jerković (334033448)",NA (žs) Leonardo Jerković (334033448),,,"Dubrovnik, Hotel Kompas (dvorana Meridien), Kardinala Stepinca 21",30 minuta po igraču s dodatkom 30 sekundi po završenom potezu počevši od prvoga,CRO,,17.05.2026  12:25,0,8,5,5,1398237,Schweizer System
PLAZMA Sportske igre mladih Splitsko dalmatinske županije do 15 godina,20260509,20260509,0,Borislav Vidović,Borislav Vidović,Ante Tomaš,,,Split,10 min + 5 sec,CRO,,09.05.2026  12:45,0,9,5,5,1411766,Schweizer System
Prvomajski turnir  U1800 2 i 3 svibnja 2026,20260502,20260503,0,,Jergović Andrija [14514168],DS Jergović Andrija [14514168],,,Zagreb Bijenička cesta 97,30 minuta + 30 sekunde po dovšenom potezu,CRO,,03.05.2026  15:22,0,43,7,7,1391230,Schweizer System
Pojedinačno kadetsko prvenstvo Hrvatske 2026  - kadeti do 13 godina -,20260328,20260402,0,Hrvatski šahovski savez,"Ivica Brkić, 14505835","IA Saša Stanković,  14511436","DS Ante Tomaš, 14530929  DS Radoslav Derenčinović 14510804",,"Trogir, hotel Medena",90 minuta + 30 sekundi dodatka za svaki potez,CRO,,02.04.2026  13:23,0,48,9,9,1370390,Schweizer System
Pojedinačno kadetsko prvenstvo Hrvatske 2026  - kadeti do 15 godina -,20260328,20260402,0,Hrvatski šahovski savez,"Ivica Brkić, 14505835","IA Saša Stanković,  14511436","DS Ante Tomaš, 14530929  DS Radoslav Derenčinović 14510804",,"Trogir, hotel Medena",90 minuta + 30 sekundi dodatka za svaki potez,CRO,,02.04.2026  12:52,0,58,9,9,1370388,Schweizer System
Pojedinačno kadetsko prvenstvo Hrvatske 2026  - kadetkinje do 13 godina -,20260328,20260402,0,Hrvatski šahovski savez,"Ivica Brkić, 14505835","IA Saša Stanković,  14511436","DS Ante Tomaš, 14530929  DS Radoslav Derenčinović 14510804",,"Trogir, hotel Medena",90 minuta + 30 sekundi dodatka za svaki potez,CRO,,02.04.2026  12:53,0,16,9,9,1370392,Schweizer System
Pojedinačno kadetsko prvenstvo Hrvatske 2026  - kadetkinje do 15 godina -,20260328,20260402,0,Hrvatski šahovski savez,"Ivica Brkić, 14505835","IA Saša Stanković,  14511436","DS Ante Tomaš, 14530929  DS Radoslav Derenčinović 14510804",,"Trogir, hotel Medena",90 minuta + 30 sekundi dodatka za svaki potez,CRO,,02.04.2026  12:51,0,21,9,9,1370391,Schweizer System
Pojedinačno kadetsko prvenstvo Hrvatske u šahu  do 11 godina Ž,20260328,20260402,0,Hrvatski šahovski savez u suradnji sa Šahovskim savezom Splitsko-dalmatinske žup,"Ivica Brkić, 14505835","FA Anto Majić, 14522411","NA (ds) Borislav Vidović, 14533634","NA (žs) Ana Berke, 14510359","Trogir, Hotel Medena",90 min. fiksnog vremana po igraču + dodatak od 30 sec. za svaki završeni potez počevši od prvoga,CRO,,02.04.2026  12:21,0,12,9,9,1370612,Schweizer System
Pojedinačno kadetsko prvenstvo Hrvatske u šahu do 11  godina M,20260328,20260402,0,Hrvatski šahovski savez u suradnji sa Šahovskim savezom Splitsko-dalmatinske žup,"Ivica Brkić, 14505835","FA Anto Majić, 14522411","NA (ds) Borislav Vidović, 14533634","NA (žs) Ana Berke, 14510359","Trogir, Hotel Medena","90 min. fiksnog vremena po igraču + dodatak od 30 sec, za svaki završeni potez",CRO,,02.04.2026  13:22,0,46,9,9,1370611,Schweizer System
Pojedinačno kadetsko prvenstvo Hrvatske u šahu za 2026. godinu M9,20260328,20260402,0,Hrvatski šahovski savez u suradnji sa Šahovskim savezom Splitsko-dalmatinske žup,"Ivica Brkić, 14505835","FA Anto Majić, 14522411","NA (ds) Borislav Vidović, 14533634","NA (žs) Ana Berke, 14510359","Trogir, Hotel Medena",90 min. fiksnog vremena po igraču + dodatak od 30 sec. za svaki završeni potez počevši od prvoga,CRO,,02.04.2026  11:20,0,36,9,9,1370613,Schweizer System
Pojedinačno kadetsko prvenstvo u šahu za 2026. godinu Ž9,20260328,20260402,0,Hrvatski šahovski savez u suradnji sa Šahovskim savezom Splitsko-dalmatinske žup,"Ivica Brkić, 14505835","FA Anto Majić, 14522411","NA (ds) Borislav Vidović, 14533634","NA (žs) Ana Berke, 14510359","Trogir, Hotel Medena",90 min. fiksnog vremena po igraču + dodatak od 30 sec. za svaki završeni potez počevši od prvoga,CRO,,02.04.2026  12:23,0,18,9,9,1370614,Schweizer System
64. prvenstvo Dubrovnika za 2026. godinu,20260227,20260308,464803,Šahovski klub Dubrovnik,Leonardo Jerković (334033448),NA (žs) Leonardo Jerković (334033448),,,"Dubrovnik, Liechtensteinov put 12",60'+30'',CRO,,08.03.2026  17:00,0,17,7,7,1342467,Schweizer System
Prvenstvo Sibenika 2026 - Turnir B,20260205,20260305,0,,Miro Tesla,FA Stipe Lacmanović,"Branimir Šupe, NenadPetković",,Šibenik,90 min + 30 sec,CRO,,05.03.2026  22:14,0,20,9,9,1346056,Schweizer System
Prvenstvo PGŽ za mlade 2026 do 11 god. Mkadeti rođeni 2015 i mlađi,20260228,20260301,0,Šahovski savez PGŽ,"Ivan Mandekić, Nikola Sundać","Dušan Pijanović, NA (ds), 14514117","Nenad Jurman NA (ds),  14533421","Radoslav Derenčinović, NA (ds) 14510804","Rijeka, Šahovski dom, Blaža Polića 2/II",30 min +30 sec po potezu,CRO,,01.03.2026  12:15,0,7,6,6,1359738,Schweizer System
Prvenstvo PGŽ za mlade 2026 do 11 god. Žkadetkinje rođene 2015 i mlađe,20260228,20260301,0,Šahovski savez PGŽ,"Ivan Mandekić, Nikola Sundać","Dušan Pijanović, NA (ds), 14514117","Nenad Jurman NA (ds),  14533421","Radoslav Derenčinović, NA (ds) 14510804","Rijeka, Šahovski dom, Blaža Polića 2/II",30 min +30 sec po potezu,CRO,,01.03.2026  12:19,0,9,6,6,1359739,Schweizer System
Prvenstvo PGŽ za mlade 2026 do 15 god. MŽkadeti rođeni 2011. i mlađi,20260228,20260301,0,Šahovski savez PGŽ,"Ivan Mandekić, Nikola Sundać","Dušan Pijanović, NA (ds), 14514117","Nenad Jurman NA (ds),  14533421","Radoslav Derenčinović, NA (ds) 14510804","Rijeka, Šahovski dom, Blaža Polića 2/II",30 min +30 sec po potezu,CRO,,01.03.2026  13:19,0,16,6,6,1359734,Schweizer System
Prvenstvo PGŽ za mlade 2026 do 19 god. MŽjuniorke i juniori  rođeni 2007. i mlađi,20260228,20260301,0,Šahovski savez PGŽ,"Ivan Mandekić, Nikola Sundać","Dušan Pijanović, NA (ds), 14514117","Nenad Jurman NA (ds),  14533421","Radoslav Derenčinović, NA (ds) 14510804","Rijeka, Šahovski dom, Blaža Polića 2/II",60 min +30 sec po potezu,CRO,,01.03.2026  20:12,0,11,6,6,1359732,Schweizer System
"Pojedinačno kadetsko i juniorsko prvenstvo ŠS VSŽ za 2026.-/M12/, Štitar, 28.02.-01.03.2026.",20260228,20260301,0,"ŠK Dukat, Štitar i ŠK Šahovski centar, Županja",Ivan Filipović [14513790],"Krunoslav Lešić, IA, IO [14505258]","Sanja Konjević, NA (žs) [14593076]",,"Štitar, Dom kulture, J. J. Strossmayera 36","60'+30""",CRO,,01.03.2026  16:18,0,9,6,6,1360031,Schweizer System
"Pojedinačno kadetsko i juniorsko prvenstvo ŠS VSŽ za 2026.-/M16/, Štitar, 28.02.-01.03.2026.",20260228,20260301,0,"ŠK Dukat, Štitar i ŠK Šahovski centar, Županja",Ivan Filipović [14513790],"Krunoslav Lešić, IA, IO [14505258]","Sanja Konjević, NA (žs) [14593076]",,"Štitar, Dom kulture, J. J. Strossmayera 36","60'+30""",CRO,,01.03.2026  16:18,0,15,6,6,1360032,Schweizer System
Pojedinačno kadetsko prvenstvo Koprivničko-križevačke županije za 2026-M11,20260221,20260222,467505,Šahovski savez Koprivničko-križevačke županije,Nikola Mihočka,"Borislav Vidović, NA (ds)","Petrica Koštić, NA (žs)","Goran Kušec, NA (ks), Lovro Koštić, NA(ks)","Starigrad, Dom kulture",30+30 / 30 minuta za cijelu partiju uz dodatak od 30 sekundi po potezu počevši od prvog (Fischer),CRO,,21.02.2026  14:31,0,12,5,5,1355174,Schweizer System
Pojedinačno kadetsko prvenstvo Koprivničko-križevačke županije za 2026-M13,20260221,20260222,467507,Šahovski savez Koprivničko-križevačke županije,Nikola Mihočka,"Borislav Vidović, NA (ds)","Petrica Koštić, NA (žs)","Goran Kušec, NA (ks), Lovro Koštić, NA (ks)","Starigrad, Dom kulture",30+30 / 30 minuta za cijelu partiju uz dodatak od 30 sekundi po potezu počevši od prvog (Fischer),CRO,,21.02.2026  16:35,0,8,5,5,1355162,Schweizer System
Prvenstvo PGŽ za mlade 2026 do 13 god. Mkadeti rođeni 2013 i mlađi,20260221,20260221,0,Šahovski savez PGŽ,"Ivan Mandekić,Nikola Sundač","Dušan Pijanović, DS, 14514117",,"Radoslav Derenčinović,14510804","Rijeka, Šahovski dom, Blaža Polića 2/II",60 min +30 sek. po potezu,CRO,,23.02.2026  12:19,0,11,6,6,1354844,Schweizer System
Prvenstvo županije Splitsko - dalmatinske u šahu za 2026. godinu,20260213,20260221,463120,Šahovski savez županije Splitsko - dalmatinske,Božo Mišković [14512742],NA Mateo Petričević [14553295],NA Ivo Ivanković [14504138],,"Ulica Antuna Branka Šimića 52 i 54, Split (prostorije ŠK Brda i ŠK Mornar)",60 minuta za cijelu partiju s dodatkom od 30 sekunda po potezu počevši od prvoga poteza,CRO,,21.02.2026  20:01,0,45,9,9,1282099,Schweizer System
"25. Memorijal ""Milan Kuzmanović""",20260119,20260216,0,ŠK.Pula,Kristian Valković IA,Valter Valković NA,Mile Ostojić,,Pula,90 min + 30 sec po potezu,CRO,,20.02.2026  20:45,0,13,9,9,1336303,Schweizer System
New Zagreb Classic 2026 - Open A,20260130,20260201,447326,"ŠK Novi Zagreb, https://www.sknovizagreb.hr/","Andrej Stanković, FI [CRO][14513501], Mario Živić - zamjenik direktora turnira","Krunoslav Lešić, IA, IO [CRO][14505258]","Mladen Bratošević, IA [CRO][14506203], Slobodan Barkidžija, NA [CRO][79304389]","Vlado Karagić, FA [CRO][14517884], Borislav Vidović, NA [CRO][14533634], Mateo Petričević, NA [CRO][14553295], Matija Čubrilo, NA [CRO][14597063], Marija Bilješko, NA [CRO][14561484], Mladen Nagl, NA [CRO][14506726], Matej Friščić, NA [CRO][14578980]","Zagreb, hotel Sheraton, Kneza Borne 2","90'+30""",CRO,,01.02.2026  19:31,0,106,5,5,1272461,Schweizer System
New Zagreb Classic 2026 - Open B,20260130,20260201,447327,"ŠK Novi Zagreb, https://www.sknovizagreb.hr/","Andrej Stanković, FI [CRO][14513501], Mario Živić - zamjenik direktora turnira","Krunoslav Lešić, IA, IO [CRO][14505258]","Mladen Bratošević, IA [CRO][14506203], Slobodan Barkidžija, NA [CRO][79304389","Vlado Karagić, FA [CRO][14517884], Borislav Vidović, NA [CRO][14533634], Mateo Petričević, NA [CRO][14553295], Matija Čubrilo, NA [CRO][14597063], Marija Bilješko, NA [CRO][14561484], Mladen Nagl, NA [CRO][14506726], Matej Friščić, NA [CRO][14578980]","Zagreb, hotel Sheraton, Kneza Borne 2","90'+30""",CRO,,01.02.2026  19:31,0,103,5,5,1272460,Schweizer System
New Zagreb Classic 2026 - Open C,20260130,20260201,447328,"ŠK Novi Zagreb, https://www.sknovizagreb.hr/","Andrej Stanković, FI [CRO][14513501], Mario Živić - zamjenik direktora turnira","Krunoslav Lešić, IA, IO [CRO][14505258]","Mladen Bratošević, IA [CRO][14506203], Slobodan Barkidžija, NA [CRO][79304389","Vlado Karagić, FA [CRO][14517884], Borislav Vidović, NA [CRO][14533634], Mateo Petričević, NA [CRO][14553295], Matija Čubrilo, NA [CRO][14597063], Marija Bilješko, NA [CRO][14561484], Mladen Nagl, NA [CRO][14506726], Matej Friščić, NA [CRO][14578980]","Zagreb, hotel Sheraton, Kneza Borne 2","90'+30""",CRO,,01.02.2026  19:31,0,94,5,5,1272459,Schweizer System
New Zagreb Classic 2026 - Open D,20260130,20260201,447330,"ŠK Novi Zagreb, https://www.sknovizagreb.hr/","Andrej Stanković, FI [CRO][14513501], Mario Živić - zamjenik direktora turnira","Krunoslav Lešić, IA, IO [CRO][14505258]","Mladen Bratošević, IA [CRO][14506203], Vlado Karagić, FA [CRO], [14517884]","Slobodan Barkidžija, NA [CRO][79304389], Borislav Vidović, NA [CRO][14533634], Mateo Petričević, NA [CRO][14553295], Matija Čubrilo, NA [CRO][14597063], Marija Bilješko, NA [CRO][14561484], Mladen Nagl, NA [CRO][14506726], Matej Friščić, NA [CRO][14578980]","Zagreb, hotel Sheraton, Kneza Borne 2","90'+30""",CRO,,01.02.2026  19:31,0,102,5,5,1272458,Schweizer System
New Zagreb Classic 2026 - Open E,20260130,20260201,447332,ŠK Novi Zagreb,"Andrej Stanković, FI [CRO][14513501], Mario Živić - zamjenik direktora turnira","Krunoslav Lešić, IA, IO [CRO][14505258]","Mladen Bratošević, IA [CRO][14506203], Vlado Karagić, FA [CRO][14517884]","Slobodan Barkidžija, NA [CRO][79304389],  Borislav Vidović, NA [CRO][14533634], Mateo Petričević, NA [CRO][14553295], Matija Čubrilo, NA [CRO][14597063], Marija Bilješko, NA [CRO][14561484], Mladen Nagl, NA [CRO][14506726], Matej Friščić, NA [CRO][14578980]","Zagreb, hotel Sheraton, Kneza Borne 2","90'+30""",CRO,,01.02.2026  19:30,0,101,5,5,1272457,Schweizer System
Grand Prix HŠS 2026.,20260124,20260131,457912,HSS,"IM Jukic, Branimir [14500671]","IA Rezek, Sinisa [14516594]","NA Mihalinec, Damir [14504260]",,"Zagreb (CRO), Hotel Dubrovnik, Ljudevita Gaja 1",90 minuta za 40 poteza + 15 minuta za ostatak partije + 30 sekundi za svaki završeni potez počevši 1,CRO,,31.01.2026  20:22,0,16,28,28,1335212,Schweizer System
"Biosamdobiven 2026 - B turnir, Županja, 17.-18.01.2026.",20260117,20260118,0,ŠK Šahovski centar,"Krunoslav Lešić, IO [CRO][14505258]","Krunoslav Lešić, IO [CRO][14505258]",,,"Županja, MKC, Bana Josipa Jelačića 4","60'+30""",CRO,,18.01.2026  18:08,0,10,6,6,1318898,Schweizer System
"Biosamdobiven 2026 - C turnir, Županja, 17.-18.01.2026.",20260117,20260118,0,ŠK Šahovski centar,"Krunoslav Lešić, IO [CRO][14505258]","Krunoslav Lešić, IO [CRO][14505258]",,,"Županja, MKC, Bana Josipa Jelačića 4","60'+30""",CRO,,18.01.2026  16:58,0,15,6,6,1318899,Schweizer System
FIDE STANDARD <1800 ŠK Aer,20260117,20260118,455714,ŠK Aer,Dejan Glišić,"Dejan Glišić, KS",,,Zagreb,"30'+30""",CRO,,18.01.2026  22:03,0,24,6,6,1311342,Schweizer System
KADETSKO PRVENSTVO SMŽ 2026-1,20260117,20260118,0,ŠAHOVSKI SAVEZ SMŽ,MILAN BRIGLJEVIĆ,MILAN BRIGLJEVIĆ,,,,30+30,CRO,,18.01.2026  15:03,0,9,6,6,1335087,Schweizer System
"Međunarodni otvoreni šahovski turnir,14. open Krapina 16.-18.1.2026.",20260116,20260118,448216,Šahovski klub Krapina,Mirjana Medić,Mirjana Medić IA (14501619),Radmila Švaljek IA (14501759),,"Vatrogasni dom, Zagrebačka 1, Krapina",60' + 30'',CRO,,18.01.2026  17:07,0,58,7,7,1277893,Schweizer System
16. TOP 10 KADETA ŠK RIJEKA,20260109,20260111,0,Chess Club Rijeka,"Zelenika, Srdjan 14501350","IA Birk, Bojan 14527677","NA Pijanovic, Dusan 14514117",,"Rijeka, Šahovski dom, Blaža Polića 2/2",60 min + 30 sec,CRO,,11.01.2026  15:53,0,10,6,6,1326539,Schweizer System
Standard Zima 2026 U1800 Dubrovnik,20260109,20260111,455855,Šahovski klub Dubrovnik,"Leonardo Jerković (334033448), Ivana Perak (79306187)",NA (ks) Leonardo Jerković (334033448),NA (ks) Ivan Potrebica (14596024),,"Dubrovnik, Liechtensteinov put 12",30'+30'',CRO,,12.01.2026  07:45,0,20,7,7,1313853,Schweizer System
"MEĐUNARODNI OTVORENI ŠAHOVSKI TURNIR ""30th Open BOŠNJACI"", 03-09.01.2026",20260103,20260109,0,Chess club Bosnjaci Bošnjaci,"Đuka Golubičić, 14530740","Branko Vidačković, IA 14509229","Eduard Piacun,IA 14508877 Ivica Leaković,IA 14504707","Adam Ilišević,KS CRO [14509954],","Kino dvorana dom kulture, Bošnjaci",90 minutes with 30 seconds cumulative increment for each move starting from first move,CRO,,09.01.2026  14:15,0,141,9,9,1274599,Schweizer System
1. OTVORENO ZIMSKO PRVENSTVO  GRADA SPLITA,20260102,20260108,0,ŠK. Brda Split i ŠK Mornar Split,Mateo Ivić,"IA Cvetnic, Vladimir 14516950","IA Brulic, Denis 14506670,","Ivic, Mateo 14504146",,60 minuta + 30 sekundi po potezu počevši od prvog,CRO,,08.01.2026  20:32,0,46,7,7,1317385,Schweizer System
Pojedinačno seniorsko prvenstvo Kc-Kž županije za 2026-muškarci,20260103,20260106,457263,Šahovski savez Koprivničko-križevačke županije,Nikola Mihočka,Borislav Vidović (DS),,,"Sveti Ivan Žabno, kino sala Trg Karla Lukaša 1",90 minuta po igraču sa dodatkom od 30 sekundi za svaki odigrani potez počevši od prvog,CRO,,06.01.2026  18:32,0,18,6,6,1323748,Schweizer System
Pojedinačno seniorsko prvenstvo Kc-Kž županije za 2026-žene,20260103,20260106,457262,Šahovski savez Koprivničko-križevačke županije,Nikola Mihočka,Borislav Vidović (DS),,,"Sveti Ivan Žabno, kino sala Trg Karla Lukaša 1",90 minuta po igraču sa dodatkom od 30 sekundi za svaki odigrani potez počevši od prvog,CRO,,06.01.2026  18:29,0,8,6,6,1323750,Schweizer System
Novogodišnji standard U1800 3 i 4 siječnja 2026,20260103,20260104,0,,Jergović Andrija [14514168],DS Jergović Andrija [14514168],,,Zagreb Sesvete Kelekova 2,30 minuta + 30 sekunde po dovšenom potezu,CRO,,04.01.2026  14:54,0,49,7,7,1322793,Schweizer System
"3. OTVORENI MEĐUNARODNI ŠAHOVSKI TURNIR DUBROVNIK ADVENT 2025Dubrovnik, Valamar Lacroma Dubrovnik Hotel, 18.12-21.12.2025.",20251218,20251221,431122,"ŠK Dubrovnik, Dubrovnik","Ivan Potrebica (CRO, 14596024)","IA Sulejman Islamović (CRO, 14516659)","FA Željko Matkun (CRO, 14510839)","NA (KS) Ivan Potrebica (CRO, 14596024); NA (KS) Leonardo Jerković (CRO, 334033448)","Dubrovnik, Valamar Lacroma Dubrovnik Hotel, Iva Dulčića 34",60 minuta za cijelu partiju s dodatkom 30 sekundi po potezu počevši od prvog poteza (Fischer),CRO,,21.12.2025  13:26,0,95,7,7,1213210,Schweizer System
II. Pozivni standard U1800 2025/12/19,20251219,20251221,0,,Jergović Andrija [14514168],DS Jergović Andrija [14514168],,,Zagreb Bijenička cesta 134,30 minuta + 30 sekunde po dovšenom potezu,CRO,,28.12.2025  15:57,0,13,7,7,1300689,Schweizer System
ZAGREB ADVENT 2025. STANDARD <1800 AER,20251220,20251221,452129,"ŠK Aer, Partneri za šah",Dejan Glišić,"Dejan Glišić, KS",,,"Zagreb, Kneza Branimira 67/1.kat, mjesni odbor u zgradi tržnice","30'+30""",CRO,,24.12.2025  19:14,0,25,6,6,1291618,Schweizer System
ADVENTSKI ŠAHOVSKI FESTIVAL 2025- CRIKVENICA OPENA turnir,20251212,20251220,0,ŠAHOVSKI KLUB CRIKVENICA,Nikola Sundać,"Nenad Dorić, IA (14501694)","Nenad Jurman, NA;DS (14533421)","Nikola Sundać, NA;KS (14582856)","Hotel Marina Selce, Emila Antića 73 , 51266 Selce","90'+30"" - standard",CRO,,20.12.2025  13:57,0,45,9,9,1208374,Schweizer System
ADVENTSKI ŠAHOVSKI FESTIVAL 2025- CRIKVENICA OPENB turnir,20251212,20251220,0,ŠAHOVSKI KLUB CRIKVENICA,Nikola Sundać,"Nenad Dorić, IA","Nenad Jurman, NA",,"Hotel Marina Selce, Emila Antića 73 , 51266 Selce","60'+30"" - standard",CRO,,20.12.2025  12:34,0,18,9,9,1208384,Schweizer System
28.Božićni turnir Fid-e rejting Šahovskog kluba Ruščica od  3-11.-9.12.2025.,20251103,20251209,0,Šahovski klub Ruščica,MK Mato Opačak,"Mato Opačak,NA",,"Antun Rakić,CA",Šahovski klub Ruščica,60 minuta za cijelu partiju s dodatkom 30 sekundi po potezu počevši od prvog poteza (Fischer),CRO,,08.12.2025  03:44,0,21,7,0,1276297,Schweizer System
28.Božićni turnir Fid-e rejting ŠK Ruščica 3.11.-9.12.2025.,20251103,20251209,448213,"Šahovski klub Ruščica, RUŠČICA",MK Mato Opačak,"Mato Opačak, NA (državni sudac) 14503026",,,Šahovski klub Ruščica Ivane Brlić Mažuranić 3. Ruščica 35208,60 minuta za cijelu partiju s dodatkom 30 sekundi po potezu počevši od prvog poteza,CRO,,17.12.2025  20:16,0,18,7,7,1286911,Schweizer System
28.Božićni turnir Fid-e rejting ŠK Ruščica 3.11.-9.12.2025.,20251103,20251209,448213,"Šahovski klub Ruščica, RUŠČICA",MK Mato Opačak,"Mato Opačak, NA (državni sudac) 14503026",,"Antun Rakić,CA (županijski sudac) 14503166",Šahovski klub Ruščica Ivane Brlić Mažuranić 3. Ruščica 35208,60 minuta za cijelu partiju s dodatkom 30 sekundi po potezu počevši od prvog poteza,CRO,,09.12.2025  20:55,0,18,7,7,1307910,Schweizer System
OPEN POREČ 2025HOTEL VALAMAR DIAMANT,20251203,20251207,0,"ŠK.Vladimir Gortan, Poreč",Ivica Grbac,Kristian Valković IA,Giuseppe Ghersinich NA,Dario Bonaca NA,"Hotel Valamar Diamant, Brulo 1/1, 52440 Poreč",90 minuta + 30 sekundi za svaki odigrani potez,CRO,,07.12.2025  14:19,0,68,7,7,1231935,Schweizer System
9. Otvoreno pojedinačno prvenstvo Zapadne Hrvatske do 16 godina,20251115,20251116,0,Šahovski savez Istarske županije i Šahovski savez Primorsko-goranske županije,Valter Valković,Valter Valković NA,Mile Ostojić KS,,Poreč,60 minuta + 30 sekundi za svaki odigrani potez,CRO,,16.11.2025  14:27,0,10,5,5,1292904,Schweizer System
Kadetsko prvenstvo ŠK Višnjevac,20250927,20251113,0,ŠK Višnjevac,Davor Kršćanski,"KS, Zvonimir Trepšić",,Bojan Medak,Višnjevac (Osijek),30+30,CRO,,15.11.2025  16:22,0,18,8,8,1259700,Schweizer System
Aer 1600-1800 MT Nenad Hodniković - Tigi,20251108,20251109,445429,"ŠK Aer, Partneri za šah",Dejan Glišić,"Dejan Glišić, KS",,,"Zagreb, Kneza Branimira 67/1.kat, mjesni odbor u zgradi tržnice","30'+30""",CRO,,10.11.2025  22:13,0,15,6,6,1247951,Schweizer System
Pojedinačno seniorsko prvenstvo Zagreba 2025.,20251027,20251106,0,Zagrebački šahovsko savez,Krešimir Podravec,Vid Brzica NA 14560992,,,"Masarykova 22, 3. kat, Zagreb",90 minuta + 30 sekundi za svaki izvršen petez,CRO,,06.11.2025  21:49,0,14,9,9,1278584,Schweizer System
"OTVORENI MEĐUNARODNI ŠAHOVSKI TURNIR 4. OPEN HVAR 2025.ARSENAL HVAR, 20.-26.10.2025.",20251020,20251026,397108,Šahovski klub Hvar,"Ivica Bilandžić (CRO, 14597500); Božo Mišković (CRO, 14512742)","IA Nenad Dorić (CRO, 14501694)","NA (DS) Ilija Knezović (CRO,14538474)","NA (KS) Neno Simunić (CRO, 14515709); NA (KS) Pavle Palić (CRO; 14515237)","HVAR, ARSENAL HVAR",90min + 30sec/move from move 1,CRO,,26.10.2025  13:35,0,126,9,9,1040229,Schweizer System
I. Pozivni standard U1800,20250912,20250914,0,Šahovki klub Brestje,,Jergović  Andrija [14514168],,,Bijenička cesta 134 Zagreb,30 minuta + 30 sekundi po dovršenom potezu,CRO,,14.09.2025  21:19,0,19,7,7,1237832,Schweizer System
Wellness Chess Tour Croatia - Selce Hotel MARINA****Selce  10-14. Septembar 2025,20250910,20250914,431442,"(753564) Mr. Jeszenszky Jozsef, AO  +36 30 640 3361","(753564) Jeszenszky Jozsef, AO","(922765) Brindza Istvan, IA",,,"Selce (CRO), E. Antica 73",90+90 minutes with 30 second increment from move 1 till the end game,CRO,,14.09.2025  11:42,0,17,7,7,1218792,Schweizer System
KOMIŠAH,20250828,20250831,0,ŠK NOVI ZAGREB,"Bojana Kuliš Bubalo, Andrej Stanković",Slobodan Barkidžija,,,"KC Ivan Vitić, put Batude 2, 21485 Komiža","60'+30""",CRO,,31.08.2025  12:05,0,12,5,5,1229433,Schweizer System
Standard Ljeto 2025 U1800 Dubrovnik,20250829,20250831,434889,Šahovski klub Dubrovnik,Ivana Perak,KS Leonardo Jerković (NA) (334033448),KS Ivan Potrebica (NA) (14596024),,"Dubrovnik, Liechtensteinov put 12",30 minuta za cijelu partiju s dodatkom 30 sekunda po završenom potezu,CRO,,02.09.2025  17:09,0,15,7,7,1230468,Schweizer System
17. Open Hum na Sutli 2025Međunarodno otvoreno prvenstvo KZŽ-e (23.-30.8.2025.),20250823,20250830,417119,"Šahovski klub Straža, Hum na Sutli",Josip Krklec 14529211,"Radmila Švaljek, IA  14501759","Mirjana Medić, IA  14501619",,"Hum na Sutli, Općinska vijećnica (Dom kulture)","90 minuta po igraču + dodatak od 30 sekundi za svaki potez, počevši od prvoga",CRO,,30.08.2025  14:13,0,59,9,9,1173359,Schweizer System
"PETI MEĐUNARODNI ŠAHOVSKI TURNIR OPEN ""GRADIŠTE"" 2025. 22-28. 08.2025.",20250822,20250828,0,ŠK Slavonac Gradište,"Lucija Muhvić, 79327214","Branko Vidačković, IA 14509229","Ivica Leaković, IA,14504707","Ivan Stojanović,  14532840 KS  Luka Akrap, 4585804, KS","Gradište, Zgrada za djecu,odrasle i umirovljenike Trg Hrvatskih Velikana 36",90 minutes with 30 seconds cumulative increment for each move starting from first move,CRO,,30.08.2025  10:57,0,88,9,9,1148001,Schweizer System
14. SPLIT OPEN - ŠAHOVSKI FESTIVAL 2025,20250809,20250817,422668,Šahovski klub BRDA,Mateo Ivić,Vladimir Cvetnić IA,Denis Brulić IA,Marko Šekelja NA (DS) Tomaš Ante NA ( DS),"Split, Hotel Zagreb , Put Duilova 23",90 minuta s dodatkom 30 sekundi po potezu počevši od prvog,CRO,,17.08.2025  15:14,0,189,10,10,1117761,Schweizer System
Pojedinačno prvenstvo Hrvatske za juniore do 17 godina,20250724,20250730,429343,Hrvatski šahovski savez,Ivica Brkić,"Nenad Dorić, IA","Bojan Birk, IA; Dušan Pijanović, DS",,"Split, Studentski centar Bruno Bušić, Spinutska 37","90'+30"" - standard",CRO,,30.07.2025  13:07,0,57,9,9,1205820,Schweizer System
Pojedinačno prvenstvo Hrvatske za juniore do 19 godina,20250724,20250730,429333,Hrvatski šahovski savez,Ivica Brkić,"Nenad Dorić, IA","Bojan Birk, IA; Dušan Pijanović, DS",,"Split, Studentski centar Bruno Bušić, Spinutska 37","90'+30"" - standard",CRO,,30.07.2025  12:44,0,42,9,9,1205825,Schweizer System
Pojedinačno prvenstvo Hrvatske za juniorke do 17 godina,20250724,20250730,429348,Hrvatski šahovski savez,Ivica Brkić,"Nenad Dorić, IA","Bojan Birk, IA; Dušan Pijanović, DS",,"Split, Studentski centar Bruno Bušić, Spinutska 37","90'+30"" - standard",CRO,,30.07.2025  12:52,0,14,9,9,1205822,Schweizer System
"Zadar Chess Festival, A-turnir, Zadar, 16.07.-23.07.2025.",20250716,20250723,0,"ŠK Casper, Zadar",Veljko Šagi [CRO] [14528762],"Krunoslav Lesic, IA [CRO][14505258]","Magdalena Muha, NA [CRO] [14536757]","Andrea Stojanovic, NA [CRO] [79329764]","Zadar, Centar za mlade Zadar, Stjepana Radića 11c","90'+30""",CRO,,23.07.2025  14:28,0,23,9,9,1126710,Schweizer System
"Zadar Chess Festival, B-turnir, Zadar, 16.07.-23.07.2025.",20250716,20250723,0,"ŠK Casper, Zadar",Veljko Šagi [CRO] [14528762],"Krunoslav Lešić, IA [CRO][14505258]","Magdalena Muha, NA [CRO] [14536757]","Andrea Stojanovic, NA [CRO] [79329764]","Zadar, Centar za mlade Zadar, Stjepana Radića 11c","90'+30""",CRO,,23.07.2025  14:16,0,93,9,9,1126711,Schweizer System
"Pojedinačno općinsko prvenstvo u standardnom šahu 30+30Gundinci, 19. i 20. srpnja 2025.",20250719,20250720,0,Šahovski klub Gundinci,Ivan Đančević,Mirko Matić,,,"Gundinci, Ulica Stjepana Radića 2, prvi kat",30 + 30,CRO,,20.07.2025  16:14,0,24,6,6,1219373,Schweizer System
Standard Ljeto 2025 Dubrovnik,20250627,20250713,427686,ŠK Dubrovnik,Vlaho Zlošilo,NA (ks) Leonardo Jerković (334033448),,,"Dubrovnik, Liechtensteinov put 12",60min+30sek,CRO,,13.07.2025  20:18,0,10,7,7,1196697,Schweizer System
"8th International Chess Tournament, ""Solta Chess Open 2025"", Grohote, 29.06.-06.07.2025.",20250629,20250706,423480,"Chess Club Brda, Split","Mateo Ivic, FM [CRO] [14504146]","Mladen Bratosevic, IA [CRO] [14506203]","Krunoslav Lesic, IA [CRO] [14505258]","Mateo Petricevic, NA [CRO] [14553295], Ivan Potrebica, NA [CRO] [14596024]","Solta [CRO], Grohote, House of culture","90'+30""",CRO,,06.07.2025  13:11,0,85,9,9,1113987,Schweizer System
Pojedinačno juniorsko prvenstvo Koprivničko-križevačke županije za 2025- juniori,20250704,20250706,0,Šahovski savez Koprivničko-križevačke županije,Nikola Mihočka,"Borislav Vidović, DS",,,"Dom kulture, Đurđevac",60 minuta plus 30 sekundi,CRO,,06.07.2025  19:15,0,9,5,5,1206526,Schweizer System
International Chess Tournament 37th Open Pula 2025Hotel Park Plaza Histria(15.06.-23.06.2025.),20250615,20250623,404377,"CC Pula, Pula",Valter Valkovic (14514931),IA Kristian Valkovic (14513200),IA Lena Govedarica (942553); IA Sulejman Islamovic (14516659),NA Valter Valkovic (14514931); NA Magdalena Muha (14536757); NA Mile Ostojic (14586452,"Pula, Hotel Park Plaza Histria (Congress hall)",90 minutes with 30 second increment from move 1,CRO,,23.06.2025  15:02,0,246,9,9,1054548,Schweizer System
Pojedinačno kadetsko prvenstvo Hrvatske - dječaci do 7 godina -,20250615,20250620,0,Hrvatski šahovski savez,Ivica Brkić,"Saša Stanković, IA","Vlado Karagić, FA","Renato Vince, NA i Borislav Vidović, NA","Trogir, hotel ""Medena""",90 minuta + 30 sekundi dodatka za svaki potez,CRO,,20.06.2025  10:34,0,14,9,9,1176241,Schweizer System
Pojedinačno kadetsko prvenstvo Hrvatske - kadeti do 13 godina,20250615,20250620,0,Hrvatski šahovski savez,"Ivica Brkić, 14505835","IA Saša Stanković, 14511436","FA Anto Majić, 14522411, FA Stipe Lacmanović, 14501309","NA Andrija Jergović (ds), sudac i voditelj prijenosa partija u živo putem interneta","Trogir, hotel ''Medena''",90 min. fiksnog vremena po igraču + dodatak od 30 sec. za svaki završeni potez počevši od prvoga,CRO,,25.06.2025  09:14,0,71,9,9,1188273,Schweizer System
Pojedinačno kadetsko prvenstvo Hrvatske - kadeti do 13 godina,20250615,20250620,0,Hrvatski šahovski savez,"Ivica Brkić, 14505835","IA Saša Stanković, 14511436","FA Anto Majić, 14522411, FA Stipe Lacmanović, 14501309","NA Andrija Jergović (ds), sudac i voditelj prijenosa partija u živo putem interneta","Trogir, hotel ''Medena''",90 min. fiksnog vremena po igraču + dodatak od 30 sec. za svaki završeni potez počevši od prvoga,CRO,,25.06.2025  13:53,0,71,9,9,1206179,Schweizer System
Pojedinačno kadetsko prvenstvo Hrvatske - kadeti do 15 godina,20250615,20250620,0,Hrvastski šahovski savez,"Ivica Brkić, 14505835","IA Saša Stanković, 14511436","FA Anto Majić, 14522411, FA Stipe Lacmanović, 14501309","NA Andrija Jergović (ds), sudac i voditelj prijenosa partija u živo putem interneta","Trogir, hotel ''Medena''",90 min. fiksnog vremena po igraču + dodatak od 30 sec. za svaki završeni potez počevši od prvoga,CRO,,25.06.2025  09:12,0,61,9,9,1206105,Schweizer System
Pojedinačno kadetsko prvenstvo Hrvatske - kadeti do 9 godina -,20250615,20250620,0,Hrvatski šahovski savez,Ivica Brkić,"Saša Stanković, IA","Vlado Karagić, FA","Renato Vince, NA i Borislav Vidović, NA","Trogir, hotel ""Medena""",90 minuta + 30 sekundi dodatka za svaki potez,CRO,,21.06.2025  05:50,0,40,9,9,1176227,Schweizer System
Pojedinačno kadetsko prvenstvo Hrvatske - kadetkinje do 13 godina,20250615,20250620,0,Hrvatski šahovski savez,"Ivica Brkić, 14505835","IA Saša Stanković, 14511436","FA Anto Majić, 14522411, FA Stipe Lacmanović, 14501309","NA Andrija Jergović (ds), sudac i voditelj prijenosa partija u živo putem interneta","Trogir, hotel ''Medena''",90 min. fiksnog vremena po igraču + dodatak od 30 sec. za svaki završeni potez počevši od prvoga,CRO,,25.06.2025  09:14,0,26,9,9,1188276,Schweizer System
Pojedinačno kadetsko prvenstvo Hrvatske - kadetkinje do 13 godina,20250615,20250620,0,Hrvatski šahovski savez,"Ivica Brkić, 14505835","IA Saša Stanković, 14511436","FA Anto Majić, 14522411, FA Stipe Lacmanović, 14501309","NA Andrija Jergović (ds), sudac i voditelj prijenosa partija u živo putem interneta","Trogir, hotel ''Medena''",90 min. fiksnog vremena po igraču + dodatak od 30 sec. za svaki završeni potez počevši od prvoga,CRO,,25.06.2025  13:55,0,26,9,9,1206180,Schweizer System
Pojedinačno kadetsko prvenstvo Hrvatske - kadetkinje do 15 godina,20250615,20250620,0,Hrvatski šahovski savez,"Ivica Brkić, 14505835","IA Saša Stanković, 14511436","FA Anto Majić, 14522411, FA Stipe Lacmanović, 14501309","NA Andrija Jergović (ds), sudac i voditelj prijenosa partija u živo putem interneta","Trogir, hotel ''Medena''",90 min. fiksnog vremena po igraču + dodatak od 30 sec. za svaki završeni potez počevši od prvoga,CRO,,25.06.2025  09:13,0,24,9,9,1188270,Schweizer System
Pojedinačno kadetsko prvenstvo Hrvatske - kadetkinje do 15 godina,20250615,20250620,0,Hrvatski šahovski savez,"Ivica Brkić, 14505835","IA Saša Stanković, 14511436","FA Anto Majić, 14522411, FA Stipe Lacmanović, 14501309","NA Andrija Jergović (ds), sudac i voditelj prijenosa partija u živo putem interneta","Trogir, hotel ''Medena''",90 min. fiksnog vremena po igraču + dodatak od 30 sec. za svaki završeni potez počevši od prvoga,CRO,,25.06.2025  13:52,0,24,9,9,1206178,Schweizer System
Pojedinačno kadetsko prvenstvo Hrvatske- djevojčice do 7 godina -,20250615,20250620,0,Hrvatski šahovski savez,Ivica Brkić,"Saša Stanković, IA","Vlado Karagić, FA","Renato Vince, NA i Borislav Vidović, NA","Trogir, hotel ""Medena""",90 minuta + 30 sekundi dodatka za svaki potez,CRO,,20.06.2025  10:36,0,12,9,9,1176252,Schweizer System
Pojedinačno kadetsko prvenstvo Hrvatske- kadeti do 11 godina -,20250615,20250620,0,Hrvatski šahovski savez,Ivica Brkić,"Saša Stanković, IA","Vlado Karagić, FA","Renato Vince, NA i Borislav Vidović, NA","Trogir, hotel ""Medena""",90 minuta + 30 sekundi dodatka za svaki potez,CRO,,21.06.2025  05:47,0,55,9,9,1176209,Schweizer System
Pojedinačno kadetsko prvenstvo Hrvatske- kadetkinje do 11 godina -,20250615,20250620,0,Hrvatski šahovski savez,Ivica Brkić,"Saša Stanković, IA","Vlado Karagić, FA","Renato Vince NA i Borislav Vidović, NA","Trogir, hotel ""Medena""",90 minuta + 30 sekundi dodatka za svaki potez,CRO,,21.06.2025  05:46,0,21,9,9,1198427,Schweizer System
Pojedinačno kadetsko prvenstvo Hrvatske- kadetkinje do 9 godina -,20250615,20250620,0,Hrvatski šahovski savez,Ivica Brkić,"Saša Stanković, IA","Vlado Karagić, FA","Renato Vince, NA i Borislav Vidović, NA","Trogir, hotel ""Medena""",90 minuta + 30 sekundi dodatka za svaki potez,CRO,,20.06.2025  10:57,0,15,9,9,1176229,Schweizer System
IV. Memorijalni turnir Darka Šveca,20250607,20250611,1152530,Šahovki klub Silent,Jergović Andrija [14514168],Jergović Andrija [14514168],,,Kelekova 2 Sesvete,60 minuta + 30 sekundi po dovršenom potezu,CRO,,12.06.2025  08:53,0,46,7,7,1152530,Schweizer System
"10 godina Škole šaha Šahovski centar, kadetski open,Županja, 06.06.-08.06.2025.",20250606,20250608,0,"Šk Šahovski centar, Županja","Krunoslav Lešić, IA, IO [CRO][14505258]","Krunoslav Lešić, IA, IO [CRO][14505258]",,,Županja,"60'+30""",CRO,,24.06.2025  23:46,0,30,5,5,1168226,Schweizer System
"70 godina šaha u Županji, amaterski open, Županja, 06.-08.06.2025.",20250606,20250608,0,"ŠK Šahovski centar, Županja","Krunoslav Lešić, IA, IO [CRO][14505258]","Krunoslav Lešić, IA, IO [CRO][14505258]",,,Županja,"60'+30""",CRO,,24.06.2025  23:46,0,17,5,5,1168215,Schweizer System
Ivanec open 2025 - A turnir,20250606,20250608,415233,Šahovski klub Ivanec,Ivica Friščić,"Predrag Križanić, županijski sudac",,"Mladen Hojsak, klupski sudac",Horvatsko kod Ivanca,60 min + 30 sek,CRO,,08.06.2025  16:57,0,34,7,7,1127183,Schweizer System
Ivanec open 2025 - B turnir,20250606,20250608,415234,Šahovski klub Ivanec,Ivica Friščić,"Predrag Križanić, županijski sudac",,"Silvestar Držaić, klupski sudac",Horvatsko kod Ivanca,60 min + 30 sek,CRO,,08.06.2025  15:28,0,17,7,7,1127189,Schweizer System
Kadetsko prvenstvo zupanije Splitsko-dalmatinske za 2025. godinu U-11,20250607,20250608,423195,Šahovski savez Splitsko-dalmatinske županije,Božo Mišković [14512742],NA Božo Mišković [14512742],NA Mateo Petričević [14553295],NA Pavle Palić [14515237],"Šimićeva 52, Split (prostorije ŠK Mornar)",30 minuta za cijelu partiju s dodatkom 30 sekundi po potezu počevši od prvog poteza,CRO,,08.06.2025  17:47,0,20,7,7,1172224,Schweizer System
Pojedinačno juniorsko prvenstava Grada Zagreba 2025 za juniore i juniorke U17 .,20250525,20250608,0,Zagrebački šahovski savez,Krešimir Podravec,Vid Brzica NA 14560992,Danko Brajdić NA 14508656,,,30 minuta + 30 sekundi,CRO,,08.06.2025  13:15,0,14,9,9,1186502,Schweizer System
DAN DRŽAVNOSTI SISAK 2025,20250530,20250601,0,ŠAHOVSKO DRUŠTVO SISAK,MILAN BRIGLJEVIĆ,SINIŠA REŽEK,KLARA KRMPOTIĆ,MILAN BRIGLJEVIĆ,SISAK,60+30,CRO,,01.06.2025  17:51,0,16,7,7,1184973,Schweizer System
New Zagreb Classic Futures U20 - Group A,20250530,20250601,0,"ŠK Novi Zagreb, Zagreb","Andrej Stanković, FI [14513501]","Krunoslav Lešić, IA, IO [14505258]","Slobodan Barkidžija, NA [CRO][79304389]","Robert Kupek, NA [CRO][14548313], Marija Bilješko, NA [CRO][14561484]","Zagreb, Američka međunarodna škola u Zagrebu, Damira Tomljanovića 3","90'+30""",CRO,,01.06.2025  13:59,0,32,5,5,1145387,Schweizer System
New Zagreb Classic Futures U20 - Group B,20250530,20250601,0,"ŠK Novi Zagreb, Zagreb","Andrej Stanković, FI [14513501]","Krunoslav Lešić, IA, IO [14505258]","Slobodan Barkidžija, NA [CRO][79304389]","Robert Kupek, NA [CRO][14548313], Marija Bilješko, NA [CRO][14561484]","Zagreb, Američka međunarodna škola u Zagrebu, Damira Tomljanovića 3","90'+30""",CRO,,01.06.2025  13:31,0,45,5,5,1145386,Schweizer System
New Zagreb Classic Futures U20 - Group C,20250530,20250601,0,"ŠK Novi Zagreb, Zagreb","Andrej Stanković, FI [14513501]","Krunoslav Lešić, IA, IO [14505258]","Slobodan Barkidžija, NA [CRO][79304389]","Robert Kupek, NA [CRO][14548313], Marija Bilješko, NA [CRO][14561484]","Zagreb, Američka međunarodna škola u Zagrebu, Damira Tomljanovića 3","90'+30""",CRO,,01.06.2025  13:01,0,88,5,5,1145385,Schweizer System
Otvoreno juniorsko prvenstvo PGŽ do 19 god za 2025. god,20250530,20250601,0,Šahovski savez Primorsko-goranske županije,FA Ivan Mandekić,"Nenad Jurman, DS",,,,60 min + 30 sec dodatka,CRO,,01.06.2025  15:36,0,11,6,6,1185804,Schweizer System
Otvoreno kadetsko prvenstvo Dubrovnika 2025,20250516,20250518,416269,Šahovski klub Dubrovnik,Ivana Perak (79306187),KS Leonardo Jerković (334033448),KS Ivan Potrebica (14596024),,"Studentski Centar Dubrovnik (Mala dvorana), Marka Marojice 2B, Dubrovnik",30 minuta + 30 sekundi,CRO,,18.05.2025  22:10,0,37,7,7,1126447,Schweizer System
Pojedinačno kadetsko prvenstvo Kc-Kž županije za 2025 - kadeti do 13 godina,20250510,20250511,0,Šahovski savez Koprivničko-križevačke županije,Nikola Mihočka,"Borislav Vidović, DS","Goran Martić, ŽS","Petrica Koštić, ŽS","Društveni dom Drenovica, Trg Vladimira Jagarinca 2, Novo Virje",30 min. + 30 sek.,CRO,,10.05.2025  18:30,0,11,5,5,1155933,Schweizer System
Pojedinačno kadetsko prvenstvo Kc-Kž županije za 2025 - kadetkinje do 13 godina,20250510,20250511,0,Šahovski savez Koprivničko-križevačke županije,Nikola Mihočka,"Borislav Vidović, DS","Goran Martić, ŽS","Petrica Koštić, ŽS","Društveni dom Drenovica, Trg Vladimira Jagarinca 2, Novo Virje",30 min. + 30 sek.,CRO,,10.05.2025  18:42,0,8,5,5,1155934,Schweizer System
Pojedinačno prvenstvo PGŽ do 11 god. - 10.-11.05.2025,20250510,20250511,0,"Šahovski savez Primorsko-goranske županije, Šahovski klub Rijeka",Bojan Birk,"IA Birk, Bojan 14527677","NA Pijanovic, Dusan 14514117",,"Rijeka, Šahovski dom, Blaža Polića 2/2",30 min + 30 sec/potez,CRO,,11.05.2025  13:49,0,11,6,6,1174526,Schweizer System
Pojedinačno prvenstvo PGŽ do 15 god. - 10.-11.05.2025,20250510,20250511,0,"Šahovski savez Primorsko-goranske županije, Šahovski klub Rijeka",Bojan Birk,"IA Birk, Bojan 14527677","NA Pijanovic, Dusan 14514117",,"Rijeka, Šahovski dom, Blaža Polića 2/2",60 min + 30 sec/potez,CRO,,11.05.2025  17:23,0,14,6,6,1174527,Schweizer System
“VRSAR OPEN 2025”,20250428,20250504,0,"ŠK Sane Chess, Zagreb","Brednev, Aleksandr (AUT) [1688103]","IA Dorić, Nenad (CRO) [14501694]",,,"Vrsar (CRO), Sportska dvorana Saline",90 minutes with 30 second increment from move 1,CRO,,04.05.2025  13:00,0,35,9,9,1120168,Schweizer System
1. seniorski rejting turnir ŠK Višnjevac,20250426,20250504,0,"Šahovski klub Višnjevac, Osijek",Davor Kršćanski,IA Zdravko Birovljević (14520028),NA (ŽS) Nenad Mrkonjić (145501333),,Višnjevac_Mjesni odbor_Josipa Jurja Strossmayera 2.,30 minuta fiksnog vremena po igraču + 30 sekundi dodatka za svaki završeni potez,CRO,,04.05.2025  11:58,0,33,6,6,1144002,Schweizer System
Otvoreno pojedinačno prvenstvo Šk Crikvenica-2025,20250425,20250427,0,Šk Crikvenica,Nenad Jurman,"Nikola Sundać, KS",,,Crikvenica,60+30,CRO,,27.04.2025  15:37,0,16,5,5,1158618,Schweizer System
Pojedinačno prvenstvo PGŽ do 13 god. - 26.-27.04.2025,20250426,20250427,0,"Šahovski savez Primorsko-goranske županije, Šahovski klub Rijeka",Bojan Birk,"IA Birk, Bojan 14527677","NA Pijanovic, Dusan 14514117",,"Rijeka, Šahovski dom, Blaža Polića 2/2",30 min + 30 sec/potez,CRO,,27.04.2025  14:14,0,14,6,6,1165931,Schweizer System
Pojedinačno prvenstvo PGŽ do 7 i do 9  god. - 26..04.2025,20250426,20250426,0,"Šahovski savez Primorsko-goranske županije, Šahovski klub Rijeka",Bojan Birk,"IA Birk, Bojan 14527677","NA Pijanovic, Dusan 14514117",,"Rijeka, Šahovski dom, Blaža Polića 2/2",30 min + 30 sec/potez,CRO,,26.04.2025  22:58,0,11,6,6,1165929,Schweizer System
Juniorsko prvenstvo zupanije Splitsko-dalmatinske za 2025. godinu,20250417,20250421,0,Šahovski savez Splitsko-dalmatinske županije,Božo Mišković [14512742],NA Ivo Ivanković [14504138],NA Mateo Petričević [14553295],,"Šimićeva 52-54, Split (prostorije ŠK Mornar i ŠK Brda)",60 minuta za cijelu partiju s dodatkom 30 sekundi po potezu počevši od prvog poteza,CRO,,21.04.2025  19:17,0,17,7,7,1135359,Schweizer System
3.Memorijalni turnir Josip Kučibradić,20250405,20250405,0,ŠRUS,Franjo Matanović,Petar Lovrić,,,Slavonski Brod,30 min,CRO,,05.04.2025  13:57,0,18,5,5,1151732,Schweizer System
Prvenstvo Šibenika 2025. B-Turnir,20250304,20250401,0,"ŠK""Šibenik""",Miro Tesla,"Stipe Lacmanović, FA",,"Josip Morić, DS",Šibenik,90 min. plus 30 sec. za svaki potez,CRO,,02.04.2025  15:35,0,23,9,9,1131162,Schweizer System
Pojedinačno prvenstvo Zagreba 2025. za kadete do 13 godina,20250316,20250330,0,Zagrebački šahovski savez,Krešimir Podravec,Josip Bandur IA 14534002,,,"OŠ Ivana Mažuranića, Javorinska ul. 5, 10040 Zagreb",30 minuta + 30 sekundi,CRO,,30.03.2025  14:45,0,24,9,9,1138438,Schweizer System
Pojedinačno prvenstvo Zagreba 2025. za kadete do 9 godina,20250316,20250330,0,Zagrebački šahovski savez,Krešimir Podravec,Josip bandur IA,,,"OŠ Ivana Mažuranića, Javorinska ul. 5, 10040 Zagreb",30 minuta + 30 sekundi,CRO,,30.03.2025  12:32,0,24,9,9,1138446,Schweizer System
Pojedinačno prvenstvo Zagreba 2025. za kadete i kadetkinje do 11 godina,20250316,20250330,0,Zagrebački šahovski savez,Krešimir Podravec,Josip Bandur IA 14534002,,,"OŠ Ivana Mažuranića, Javorinska ul. 5, 10040 Zagreb",30 minuta + 30 sekundi,CRO,,30.03.2025  14:50,0,31,9,9,1139111,Schweizer System
Pojedinačno prvenstvo Zagreba 2025. za kadete i kadetkinje do 15 godina,20250316,20250330,0,Zagrebački šahovski savez,Krešimir Podravec,Josip Bandur IA 14534002,,,"OŠ Ivana Mažuranića, Javorinska ul. 5, 10040 Zagreb",30 minuta + 30 sekundi,CRO,,30.03.2025  15:42,0,31,9,9,1139072,Schweizer System
34. Pojedinačno prvenstvo Hrvatske za slijepe i slabovidne osobe - 2025,20250313,20250319,0,Hrvatski športski savez slijepih,Viliam Jelušić,Damir Mihalinec DS [14504260],,,"Zagreb, Hotel Novi Zagreb, Ive Robića 2",120 min po igraču za prvih 40 poteza + 30 min do kraja partije,CRO,,19.03.2025  10:15,0,12,7,7,1130147,Schweizer System
63. prvenstvo Dubrovnika za 2025. godinu - polufinale,20250314,20250316,415232,Šahovski klub Dubrovnik,Vlaho Zlošilo,KS Leonardo Jerković (334033448),,,"Liechtensteinov put 12, Dubrovnik",60 minuta + 30 sekundi,CRO,,17.03.2025  00:06,0,15,5,5,1125564,Schweizer System
Open Sesvete 2025.,20250223,20250301,0,ŠK Sesvete-Agroproteinka u suradnji sa Sane Chess,Vlatko Lovrinić,"Vlado Karagić, FA",,,"Sesvete, Kelekova 2","90'+30"" - standard",CRO,,01.03.2025  19:16,0,77,7,7,1050796,Schweizer System
Otvoreno prvenstvo Primorsko-Goranska županijeA Turnir (igrači do 2400),20250222,20250226,0,Šahovski Savez PGŽ,Sundać Nikola,"Jurman Nenad, DS (14533421)","Pijanović Dušan, DS (14514117)",,"„Šahovski dom“, Blaža Polića 2/2, Rijeka",60 minuta + 30 sec,CRO,,26.02.2025  20:36,0,21,7,7,1120515,Schweizer System
Otvoreno prvenstvo Primorsko-Goranske županijeB turnir (igrači do 1800),20250222,20250224,0,Šahovski Savez PGŽ,Sundać Nikola,"Jurman Nenad, DS (14533421)","Pijanović Dušan, DS (14514117)",,"„Šahovski dom“, Blaža Polića 2/2, Rijeka",30 min + 30 sec,CRO,,26.02.2025  18:58,0,17,7,7,1120513,Schweizer System
Pojedinačno prvenstvo ŠK Petar Sedlar Pepe 2025.,20250209,20250223,0,ŠK Petar Sedlar Pepe,Ivica Brkić 14505835,Ivo Ivanković 14504138,,,Kaštel Novi,90 minutes for game with 30 seconds increment from move 1,CRO,,23.02.2025  19:31,0,12,7,7,1108558,Schweizer System
"11. Memorijal ""Nereo Butković""",20250120,20250217,0,ŠK.Pula,Valter Valković,Kristian Valković IA,Mile Ostojić NA,,Pula,90 minuta + 30 sekundi po odigranom potezu,CRO,,18.02.2025  00:00,0,16,9,9,1103754,Schweizer System
New Zagreb Classic 2025 - Open A,20250131,20250202,0,"ŠK Novi Zagreb, https://www.sknovizagreb.hr/","Andrej Stanković, FI [CRO][14513501]","Krunoslav Lešić, IA, IO [CRO][14505258]","Slobodan Barkidžija, NA [CRO][79304389]","Matija Čubrilo, NA [CRO][14597063], Matej Levačić, NA [CRO[14539071], Mladen Nagl, NA [CRO][14506726]. Prijenos: Pavo Matanović, NA [CRO][14532930]","Zagreb, Miramarska cesta 24, Maistra City Vibes Hotel International","90'+30""",CRO,,05.02.2025  14:25,0,49,5,5,1027038,Schweizer System
New Zagreb Classic 2025 - Open B,20250131,20250202,0,"ŠK Novi Zagreb, https://www.sknovizagreb.hr/","Andrej Stanković, FI [CRO][14513501]","Krunoslav Lešić, IA, IO [CRO][14505258]","Slobodan Barkidžija, NA [CRO][79304389]","Matija Čubrilo, NA [CRO][14597063], Matej Levačić, NA [CRO[14539071], Mladen Nagl, NA [CRO][14506726]. Prijenos: Pavo Matanović, NA [CRO][14532930]","Zagreb, Miramarska cesta 24, Maistra City Vibes Hotel International","90'+30""",CRO,,05.02.2025  14:25,0,61,5,5,1027039,Schweizer System
New Zagreb Classic 2025 - Open C,20250131,20250202,0,"ŠK Novi Zagreb, https://www.sknovizagreb.hr/","Andrej Stanković, FI [CRO][14513501]","Krunoslav Lešić, IA, IO [CRO][14505258]","Slobodan Barkidžija, NA [CRO][79304389]","Matija Čubrilo, NA [CRO][14597063], Matej Levačić, NA [CRO[14539071], Mladen Nagl, NA [CRO][14506726]. Prijenos: Pavo Matanović, NA [CRO][14532930]","Zagreb, Miramarska cesta 24, Maistra City Vibes Hotel International","90'+30""",CRO,,05.02.2025  14:25,0,73,5,5,1027040,Schweizer System
New Zagreb Classic 2025 - Open D,20250201,20250202,0,"ŠK Novi Zagreb, https://www.sknovizagreb.hr/","Andrej Stanković, FI [CRO][14513501]","Krunoslav Lešić, IA, IO [CRO][14505258]","Robert Kupek, NA [CRO][14548313]","Marija Bilješko, NA [CRO[[14561484]","Zagreb, Miramarska cesta 24, Maistra City Vibes Hotel International","30'+30""",CRO,,05.02.2025  14:25,0,91,6,6,1027041,Schweizer System
New Zagreb Classic 2025 - Početnici,20250201,20250202,0,"ŠK Novi Zagreb, https://www.sknovizagreb.hr/","Andrej Stanković, FI [CRO][14513501]","Krunoslav Lešić, IA, IO [CRO][14505258]","Robert Kupek, NA [CRO][14548313]","Marija Bilješko, NA [CRO[[14561484]","Zagreb, Miramarska cesta 24, Maistra City Vibes Hotel International","30'+30""",CRO,,05.02.2025  14:24,0,20,6,6,1031424,Schweizer System
"Pojedinačno kadetsko i juniorsko prvenstvo ŠZŽI za 2025. U12 - KADETI  Gundinci, 1. i 2. veljače 2025.",20250201,20250202,0,"Šahovski klub ""Gundinci""","Ivan Đančević, povjerenik ŠZŽI",Ivan Đančević,,"Mirko Matić, Đuro Kokanović","Gundinci, Ulica Stjepana Radića 2",30 minuta + 30 sekundi,CRO,,19.02.2025  17:28,0,36,8,8,1099806,Schweizer System
"Pojedinačno kadetsko i juniorsko prvenstvo ŠZŽI za 2025. U12 - KADETKINJE   Gundinci, 1. i 2. veljače 2025.",20250201,20250202,0,"Šahovski klub ""Gundinci""","Ivan Đančević, povjerenik ŠZŽI",Ivan Đančević,,"Mirko Matić, Đuro Kokanović","Gundinci, Ulica Stjepana Radića 2",30 minuta + 30 sekundi,CRO,,19.02.2025  17:28,0,21,8,8,1099801,Schweizer System
"Pojedinačno kadetsko i juniorsko prvenstvo ŠZŽI za 2025. U16 - KADETI  Gundinci, 1. i 2. veljače 2025.",20250201,20250202,0,"Šahovski klub ""Gundinci""","Ivan Đančević, povjerenik ŠZŽI",Ivan Đančević,,"Mirko Matić, Đuro Kokanović","Gundinci, Ulica Stjepana Radića 2",60 minuta + 30 sekundi,CRO,,19.02.2025  17:32,0,41,6,6,1099830,Schweizer System
"Pojedinačno kadetsko i juniorsko prvenstvo ŠZŽI za 2025. U16 - KADETKINJE  Gundinci, 1. i 2. veljače 2025.",20250201,20250202,0,"Šahovski klub ""Gundinci""","Ivan Đančević, povjerenik ŠZŽI",Ivan Đančević,,"Mirko Matić, Ivan Đančević","Gundinci, Ulica Stjepana Radića 2",30 minuta + 30 sekundi,CRO,,19.02.2025  17:28,0,17,8,8,1099824,Schweizer System
"Pojedinačno kadetsko i juniorsko prvenstvo ŠZŽI za 2025. U20 - JUNIORKE I JUNIORI   Gundinci, 1. i 2. veljače 2025.",20250201,20250202,0,"Šahovski klub ""Gundinci""","Ivan Đančević, povjerenik ŠZŽI",Ivan Đančević,,"Mirko Matić, Đuro Kokanović","Gundinci, Ulica Stjepana Radića 2",60 minuta + 30 sekundi,CRO,,19.02.2025  17:28,0,22,6,6,1099835,Schweizer System
13. open KrapinaOtvoreno prvenstvo grada Krapine 17.-19.1.2025.,20250117,20250119,401534,Šahovski klub Krapina,Mirjana Medić,Mirjana Medić IA (14501619),Radmila Švaljek IA (14501759),,"Vatrogasni dom, Zagrebačka 1, Krapina",60' + 30'',CRO,,19.01.2025  17:02,0,63,7,7,1068971,Schweizer System
Standard Zima 2025 U1800 Dubrovnik,20250110,20250112,404475,Šahovski klub Dubrovnik,Vlaho Zlošilo (79306012),KS Leonardo Jerković (NA) (334033448),KS Ivan Potrebica (NA) (14596024),,"Dubrovnik, Liechtensteinov put 12",30 minuta za cijelu partiju s dodatkom 30 sekunda po završenom potezu,CRO,,14.01.2025  09:03,0,26,7,7,1088595,Schweizer System
"MEĐUNARODNI OTVORENI ŠAHOVSKI TURNIR ""29th Open BOŠNJACI"", 03-09.01.2025",20250103,20250109,0,Chess club Bosnjaci Bošnjaci,Luka Golubičić,"Branko Vidačković, IA 14509229","Babic, Andrija, IA 14507390, Ivica Leaković, IA 14504707","Adam Ilišević,KS CRO [14509954],","Kino dvorana dom kulture, Bošnjaci",90 minutes with 30 seconds cumulative increment for each move starting from first move,CRO,,09.01.2025  14:18,0,125,9,9,989322,Schweizer System
15. TOP 10 KADETA ŠK RIJEKA,20250104,20250106,0,Chess Club Rijeka,"Zelenika, Srdjan 14501350","IA Birk, Bojan 14527677","NA Pijanovic, Dusan 14514117",,"Rijeka, Šahovski dom, Blaža Polića 2/2",60 min + 30 sec,CRO,,06.01.2025  14:20,0,10,6,6,1093002,Schweizer System
Pojedinačno seniorsko prvenstvo Kc-Kž županije za 2025- muškarci,20250104,20250106,0,"Šahovski savez Koprivničko-križevačke županije, Ante Starčevića 15, Koprivnica",Nikola Mihočka,"Borislav Vidović, DS",,"Petrica Koštić, ŽS","Sveti Ivan Žabno, prostorija kina, Trg K. Lukaša 1",90. min. plus 30. sec.,CRO,,06.01.2025  17:38,0,22,6,6,1083573,Schweizer System
16. juniorsko prvenstvo Osječko-baranjske županije,20250103,20250105,0,"ŠS OBŽ, ŠK Đurđenovac",Vladimir Ivčević,IA Zdravko Birovljević (14516667),NA (DS) Renato Vince (14518600),"NA (DS) Adam Tomaić (14518546), NA (KS) Slavko Vulić (14513757)","Đurđenovac, restoran ""Zrinski""",30 minuta fiksnog vremena+dodatak od 30 sekundi za svaki potez,CRO,,05.01.2025  16:52,0,13,9,9,1083489,Schweizer System
26. kadetsko prvenstvo Osječko-baranjske županije_ turnir do 11 godina,20250103,20250105,0,"ŠS OBŽ, ŠK Đurđenovac",Vladimir Ivčević,IA Zdravko Birovljević (14520028),NA (DS) Renato Vince (14518600),"NA (DS) Adam Tomaić (14518546), NA (KS) Slavko Vulić (14513757)","Đurđenovac, restoran ""Zrinski""",30 minuta fiksnog vremena+dodatak od 30 sekundi za svaki potez,CRO,,05.01.2025  16:51,0,30,9,9,1088391,Schweizer System
26. kadetsko prvenstvo Osječko-baranjske županije_turnir do 15 godina,20250103,20250105,0,"ŠS OBŽ, ŠK Đurđenovac",Vladimir Ivčević,IA Zdravko Birovljević (14520028),NA (DS) Renato Vince (14518600),"NA (DS) Adam Tomaić (14518546), NA (KS) Slavko Vulić (14513757)","Đurđenovac, restoran ""Zrinski""",30 minuta fiksnog vremena+dodatak od 30 sekundi za svaki potez,CRO,,05.01.2025  16:51,0,29,9,9,1083490,Schweizer System
Početak nove godine Dubrovnik U12,20250104,20250105,0,Šahovski klub Dubrovnik,Ivana Perak (79306187),KS Leonardo Jerković (334033448),,,"Dubrovnik, Liechtensteinov put 12",30 minuta za cijelu partiju s dodatkom 30 sekunda po završenom potezu,CRO,,09.01.2025  20:22,0,13,6,6,1088575,Schweizer System
"Biosamdobiven 2024 - A turnir, Županja, 21.-22.12.2024.",20241221,20241222,0,ŠK Šahovski centar,"Krunoslav Lešić, IO [CRO][14505258]","Krunoslav Lešić, IA  [CRO][14505258]","Ivan Dujić, NA [CRO][14574829]","Borna Stjepić, NA [CRO][14580810]","Županja, MKC, Bana Josipa Jelačića 4","60'+30""",CRO,,22.12.2024  18:13,0,8,6,6,1075823,Schweizer System
"Biosamdobiven 2024 - B turnir, Županja, 21.-22.12.2024.",20241221,20241222,0,ŠK Šahovski centar,"Krunoslav Lešić, IO, [CRO][14505258]","Krunoslav Lešić, IA, [CRO][14505258]","Ivan Dujić, NA [CRO][14574829]","Borna Stjepić, NA [CRO][14580810]","Županja, MKC, Bana Josipa Jelačića 4","60'+30""",CRO,,22.12.2024  18:17,0,20,6,6,1075832,Schweizer System
"Biosamdobiven 2024 - C turnir, Županja, 21.-22.12.2024.",20241221,20241222,0,ŠK Šahovski centar,"Krunoslav Lešić, IO [CRO][14505258]","Krunoslav Lešić, IA [CRO][14505258]","Ivan Dujić, NA [CRO][14574829]","Borna Stjepić, NA [CRO][14580810]","Županja, MKC, Bana Josipa Jelačića 4","60'+30""",CRO,,22.12.2024  18:02,0,22,6,6,1070616,Schweizer System
"Biosamdobiven 2024 - D turnir, Županja, 21.-22.12.2024.",20241221,20241222,0,ŠK Šahovski centar,"Krunoslav Lešić, IO [CRO][14505258]","Krunoslav Lešić, IA [CRO][14505258]","Ivan Dujić, NA [CRO][14574829]","Borna Stjepić, NA [CRO][14580810]","Županja, MKC, Bana Josipa Jelačića 4","60'+30""",CRO,,22.12.2024  15:28,0,8,6,6,1076922,Schweizer System
27.Božićni rejting turnir za Cro i  Fide listu Šahovski klub Ruščica 2024.,20241108,20241216,0,Šahovski klub Ruščica,MK Mato Opačak,"Mato Opačak, NA",,"Antun Rakić, CA",Trg dr. Franje Tuđmana 35208 Ruščica,60 minuta + dodatak 30 sekundi za svaki odigrani potez,CRO,,17.12.2024  05:34,0,17,7,7,1002800,Schweizer System
"Prvenstvo grada Vinkovaca, 07.12.-15.12.2024.",20241207,20241215,0,ŠK Vinkovci,Dražen Petrović [CRO][14504030],"Krunoslav Lešić, IA, IO [CRO][14505258]",,,"Vinkovci, Dom hrvatskih branitelja, Gundulićeva 6","I.-III. kolo: 15'+5"", IV.-IX. kolo: 60'+30""",CRO,,15.12.2024  11:35,0,16,9,9,1076321,Schweizer System
Prvenstvo Osijeka 2024,20241213,20241215,0,Osječki šahovski savez,Zvonko Horvat,Renato Vince,Nenad Mrkonjić,,Osijek,30 minuta fiksnog vremena + dodatak od 30 sekundi za svaki završeni potez,CRO,,15.12.2024  13:32,0,36,7,7,1075628,Schweizer System
ZIMA U SISKU,20241214,20241215,0,ŠAHOVSKO DRUŠTVO SISAK,MILAN BRIGLJEVIĆ,KLARA KRMPOTIĆ,MILAN BRIGLJEVIĆ,,SISAK,30+30,CRO,,16.12.2024  23:24,0,14,7,7,1080753,Schweizer System
ŠK Križevci - Božićni rejting turnir za kadete,20241213,20241214,0,Šahovski klub Križevci,Antonio Radić,"Borislav Vidović, DS",,,"Križevci, prostorija Kluba, Potočka 26",30. min. plus 30. sec.,CRO,,14.12.2024  13:03,0,14,7,7,1069637,Schweizer System
"2. OTVORENI MEĐUNARODNI ŠAHOVSKI TURNIR DUBROVNIK ADVENT 2024Dubrovnik, Valamar Lacroma Dubrovnik Hotel, 5.12-8.12.2024.",20241205,20241208,397114,"ŠK Dubrovnik, Dubrovnik",Vlaho Zlošilo (79306012),"IA Sulejman Islamović (CRO, 14516659)","FA Željko Matkun (CRO, 14510839)","NA (KS) Ivan Potrebica (CRO, 14596024)","Dubrovnik, Valamar Lacroma Dubrovnik Hotel, Iva Dulčića 34",60 minuta za cijelu partiju s dodatkom 30 sekundi po potezu počevši od prvog poteza (Fischer),CRO,,31.12.2024  10:22,0,98,7,7,991529,Schweizer System
Otvoreni vikend turnir za nacionalni rejting <2100 - Branimirac subota 7.12. od 15-21h i nedjelja 8.12. od 10 do 16:30h,20241207,20241208,0,"ŠK Aer, Partneri za šah",Dejan Glišić (WhatsApp 091-6030-341),"Dejan Glišić, KS",,,"Zagreb, Kneza Branimira 67/1.kat, mjesni odbor u zgradi tržnice","30'+30""",CRO,,08.12.2024  18:38,0,13,6,6,1059124,Schweizer System
Sesvete 2024. - VII. otvoreni kadetski i juniorski šahovski turnir - kadeti do 13,20241207,20241208,0,ŠK Sesvete Agroproteinka,Radoslav Dumančić,"Damir Obad, ŽS",,"Klara Krmpotić, KS","Gimnazija Sesvete, Bistrička 7, Sesvete","30'+30"" - standard",CRO,,08.12.2024  15:59,0,21,6,6,1053794,Schweizer System
Sesvete 2024. - VII. otvoreni kadetski i juniorski šahovski turnir- kadeti do 11,20241207,20241208,0,ŠK Sesvete Agroproteinka,Radoslav Dumančić,"Vlado Karagić, FA",,"Robert Kupek, KS",,"30'+30"" - standard",CRO,,08.12.2024  15:08,0,12,6,6,1053796,Schweizer System
Sesvete 2024. - VII. otvoreni kadetski i juniorski šahovski turnir- kadeti do 9,20241207,20241208,0,ŠK Sesvete Agroproteinka,Radoslav Dumančić,"Vlado Karagić, FA",,"Robert Kupek, KS","Gimnazija Sesvete, Bistrička 7, Sesvete","30'+30"" - standard",CRO,,08.12.2024  15:12,0,21,6,6,1053809,Schweizer System
"24. Memorijal ""Milan Kuzmanović""",20241104,20241202,0,ŠK.Pula,Valter Valković,Kristian Valković IA,Mile Ostojić NA,Valter Valković NA,Pula,90 min + 30 sec/move,CRO,,06.12.2024  21:59,0,19,9,9,1053613,Schweizer System
"20. kadetski šahovski turnir ""Iovallium"" _ otvoreno prvenstvo grada Valpova",20241129,20241201,0,"ŠK Hrvatska čitaonica, ŠS OBŽ",,IA Zdravko Birovljević (14520028),NA (državni sudac) Renato Vince (14518600),NA (klupski sudac) Andrej Meško (14510353),Valpovo _ hotel Villa Valpovo,30 minuta fiksnog vremena + dodatak od 30 sekundi za svaki potez,CRO,,01.12.2024  13:47,0,127,7,7,1024853,Schweizer System
"26. ženski šahovski turnir ""Čarobni prsten"" _ otvoreno prvenstvo OBŽ",20241129,20241201,0,"ŠS Osječko - baranjske županije, ŠK Hrvatska čitaonica",Renato Vince,IA Zdravko Birovljević (14520028),NA (državni sudac) Renato Vince (14518500),NA (klupski sudac) Andrej Meško (14510353),Valpovo _hotel Villa Valpovo,30 minuta fiksnog vremena + dodatak od 30 sekundi za svaki potez,CRO,,01.12.2024  13:22,0,20,7,7,1024852,Schweizer System
"VIII. Otvoreno prvenstvo zapadne Hrvatske za mlade do 16 godina - Kastav, 30/11-01/12/2024",20241130,20241201,0,ŠS Istarske županije i ŠS Primorsko-goranske županije,"Purić, Bojan","IA Piacun, Eduard 14508877","NA Res, Dalibor 14510928","NA Podobnik, Eugen 14532638","Kastav, Gradska vijećnica, Zakona kastafskega 3",30 min + 30 sek dodatka,CRO,,01.12.2024  16:26,0,18,6,6,1061141,Schweizer System
Seniorsko prvenstvo županije splitsko-dalmatinske 2024,20241114,20241129,0,Šahovski savez županije splitsko-dalmatinske,Božo Mišković 14512742,Ivo Ivanković 14504138,Božo Mišković 14512742,,"Split, Hotel Corner",60 minutes with 30 second increment from move 1,CRO,,29.11.2024  18:23,0,25,9,9,1036768,Schweizer System
Seniorsko prvenstvo Zagreba 2024.,20241111,20241126,0,Zagrebački šahovski savez,Krešimir Podravec,Vid Brzica,,,"Zagreb, Masarykova 22/3",90 minuta + 30 sekundi,CRO,,26.11.2024  21:45,0,14,9,9,1049592,Schweizer System
Kadetsko prvenstvo grada Osijeka U-12 za 2024.,20241112,20241117,0,"ŠK ""VIŠNJEVAC""",Davor Krščanski,Renato Vince (14518600),,Davor Krščanski,Višnjevac,30 minuta fiksnog vremena + dodatak od 30 sekundi za svaki završeni potez,CRO,,17.11.2024  11:41,0,27,7,7,1048339,Schweizer System
Kadetsko prvenstvo grada Osijeka U-16 za 2024.,20241112,20241117,0,"ŠK ""VIŠNJEVAC""",Davor Krščanski,Renato Vince (14518600),,Davor Krščanski,Višnjevac,30 minuta fiksnog vremena + dodatak od 30 sekundi za svaki završeni potez,CRO,,17.11.2024  11:41,0,12,7,7,1048340,Schweizer System
VIKEND OPEN TURNIR SK RIJEKA,20241116,20241117,0,ŠK Rijeka,Srdjan Zelenika,"IA Birk, Bojan 14527677","NA Pijanovic, Dusan 14514117",,"Šahovski dom, Blaža Polića 2/2 Rijeka",60 minuta +30 sekundi po igraču,CRO,,17.11.2024  19:25,0,46,5,5,1055815,Schweizer System
Otvoreni vikend turnir ŠK AER za nacionalni rejting <2000,20241109,20241110,0,ŠK Aer,Dejan Glišić,"Dejan Glišić, KS",,,"Zagreb, Kneza Branimira 67/1.kat, mjesni odbor u zgradi tržnice","30'+30""",CRO,,11.11.2024  20:43,0,15,6,6,1031376,Schweizer System
"OTVORENI MEĐUNARODNI ŠAHOVSKI TURNIR 3. OPEN HVAR 2024.ARSENAL HVAR, 14.-20.10.2024.",20241014,20241020,354859,Šahovski klub Hvar i Šahovski savez Županije Splitsko-dalmatinske,"Ivica Bilandžić (CRO, 14597500); Božo Mišković (CRO, 14512742)","IA, IO Sulejman Islamović (CRO, 14516659)","IA Nenad Dorić (CRO, 14501694)","NA (KS) Pavle Palić (CRO, 14515237; NA (KS) Neno Simunić (CRO, 14515709)","HVAR, ARSENAL HVAR",90min + 30sec/move from move 1,CRO,,22.10.2024  16:19,0,138,9,9,837584,Schweizer System
Otvoreni vikend turnir ŠK AER  za nacionalni rejting <1900 - subota / nedjelja 12/13.10.2024.  Branimirac,20241012,20241013,0,ŠK Aer,Dejan Glišić (WhatsApp 091-6030-341),"Dejan Glišić, KS",,,"Zagreb, Kneza Branimira 67/1.kat, mjesni odbor u zgradi tržnice","30'+30""",CRO,,13.10.2024  20:05,0,14,6,6,1025403,Schweizer System
Prvenstvo ŠK Hrvatska čitaonica za 2024.,20240914,20240929,0,"ŠK Hrvatska čitaonica, Valpovo",,IA Zdravko Birovljević (14520028),,,Valpovo_prostorija ŠK Hrvatska čitaonica,1 sat fiksnog vremena + dodatak od 30 sekundi za svaki potez,CRO,,29.09.2024  13:17,0,11,6,6,1005563,Schweizer System
Otvoreni jesenski turnir 2024.,20240910,20240920,0,Zagrebački šahovski savez,Krešimir Podravec,Vid Brzica,,,"Zagrebački šahovski savez, Masarykova22/3, Zagreb",90 minuta + 30 sekundi,CRO,,20.09.2024  21:51,0,20,6,6,995492,Schweizer System
VI. memorijal Stjepana Kamenečkog - turnir do 12 godina,20240907,20240908,0,"ŠŠK Koprivnica, ŠŠK Podravka, Koprivnica, ŠK Ivan Dvoržak",Josip Zadro,"Vlado Karagić, FA",,"Lovro Koštić, KS","Dom kulture u Starigradu, Krešimirova 28, Starigrad, Koprivnica","30'+30"" - standard",CRO,,08.09.2024  13:35,0,19,6,6,993998,Schweizer System
VI. memorijal Stjepana Kamenečkog - turnir do 16 godina,20240907,20240908,0,"ŠŠK Koprivnica, ŠK Podravka, Koprivnica, ŠK Ivan Dvoržak",Josip Zadro,"Vlado Karagic, FA",,"Lovro Koštić, KS","Dom kulture u Starigradu, Krešimirova 28, Starigrad, Koprivnica","30'+30"" - standard",CRO,,08.09.2024  13:55,0,21,6,6,993993,Schweizer System
VI. memorijal Stjepana Kamenečkog - turnir do 9 godina,20240907,20240908,0,"ŠŠK Koprivnica, ŠŠK Podravka, Koprivnica, ŠK Ivan Dvoržak",Josip Zadro,"Vlado Karagić, FA",,"Lovro Koštić, KS","Dom kulture u Starigradu, Krešimirova 28, Starigrad, Koprivnica","30'+30"" - standard",CRO,,08.09.2024  13:45,0,12,6,6,994002,Schweizer System
"16. otvoreno kadetsko prvenstvo Varaždinske županije u šahu, A turnir - U16, 23.08. - 26.08.2024.",20240823,20240826,0,Šahovsko društvo Varaždin i Šahovski savez Varaždinske županije,Miroslav Smuđ,Predrag Križanić ŽS,,Filip Križanić KS,Elektrostrojarska škola Varaždin,60 min.+30 sek dodatka za svaki potez,CRO,,26.08.2024  16:52,0,18,7,7,963548,Schweizer System
"16. otvoreno kadetsko prvenstvo Varaždinske županije u šahu, B turnir - U13, 23.08. - 26.08.2024.",20240823,20240826,0,Šahovsko društvo Varaždin i Šahovski savez Varaždinske županije,Miroslav Smuđ,Predrag Križanić ŽS,,Filip Križanić KS,"Elektrostrojarska škola Varaždin, Hallerova aleja 5",60 min.+30 sek dodatka za svaki potez,CRO,,26.08.2024  16:23,0,30,7,7,965000,Schweizer System
"2. ŠPANCIR CHESS OPEN 2024. Varaždin - A turnir, 23.08. - 26.08.2024.",20240823,20240826,0,Šahovsko društvo Varaždin i Šahovski savez Varaždinske županije,"Miroslav Smuđ, 14576198","IA, Stanković Saša, 14511436",,,"Studentski dom Varaždin, Julija Merlića 9 Varaždin",60 min.+30 sek dodatka za svaki potez,CRO,,26.08.2024  16:56,0,39,7,7,992227,Schweizer System
16. Open Hum na Sutli 2024Međunarodno otvoreno prvenstvo KZŽ-e,20240817,20240824,362385,"Šahovski klub Straža, Hum na Sutli",Josip Krklec 14529211,"Radmila Švaljek, IA  14501759","Mirjana Medić, IA  14501619",,"Hum na Sutli, Općinska vijećnica (Dom kulture)","90 minuta po igraču + dodatak od 30 sekundi za svaki potez, počevši od prvoga",CRO,,24.08.2024  14:27,0,47,9,9,899819,Schweizer System
"ČETVRTI MEĐUNARODNI ŠAHOVSKI TURNIR OPEN ""GRADIŠTE"" 2024. 06-12. 08.2024.",20240806,20240812,0,ŠK Slavonac Gradište,Srećko Papac,"IA Vidackovic, Branko 14509229;","Ivan Stojanović,  14532840 KS",,"Gradište, Zgrada za djecu,odrasle i umirovljenike Trg Hrvatskih Velikana 36",90 minutes with 30 seconds cumulative increment for each move starting from first move,CRO,,12.08.2024  13:35,0,60,9,9,904984,Schweizer System
"13. SPLIT OPEN: ŠAHOVSKI FESTIVAL 03.08 -11.08. 2024""Tournament is financially supported by FIDE Open Aid Project""",20240803,20240811,381530,ŠAHOVSKI KLUB BRDA SPLIT,Mateo Ivić,IA Vladimir Cvetnić,"IA Denis Brulić, IA Andrija Babić IA, FA Jan Kozak",NA Šekelja Marko (DS),"Hotel Zagreb, Put Duilova 23, Split",90 minuta s dodatkom od 30 sekundi po potezu počevši od prvog poteza.,CRO,,11.08.2024  15:18,0,159,10,10,873483,Schweizer System
Pojedinačno prvenstvo Hrvatske za juniore do 17 godina,20240722,20240728,0,Hrvatski šahovski savez,Alojzije Janković,"Nenad Dorić, IA","Bojan Birk, IA; Dušan Pijanović, DS",,"Split, Studentski centar Bruno Bušić, Spinutska 37","90'+30"" - standard",CRO,,28.07.2024  13:27,0,82,9,9,972863,Schweizer System
Pojedinačno prvenstvo Hrvatske za juniore do 19 godina,20240722,20240728,0,Hrvatski šahovski savez,Alojzije Janković,"Nenad Dorić, IA","Bojan Birk, IA; Dušan Pijanović, DS",,"Split, Studentski centar Bruno Bušić, Spinutska 37","90'+30"" - standard",CRO,,28.07.2024  13:24,0,33,9,9,972865,Schweizer System
Pojedinačno prvenstvo Hrvatske za juniorke do 17 godina,20240722,20240728,0,Hrvatski šahovski savez,Alojzije Janković,"Nenad Dorić, IA","Bojan Birk, IA; Dušan Pijanović, DS",,"Split, Studentski centar Bruno Bušić, Spinutska 37","90'+30"" - standard",CRO,,28.07.2024  13:27,0,18,9,9,972864,Schweizer System
"Zadar Chess Festival, A-turnir, Zadar, 16.07.-23.07.2024.",20240716,20240723,0,"ŠK Casper, Zadar",Veljko Šagi [CRO] [14528762],"Krunoslav Lesic, IA [CRO][14505258]","Dragana Randjelovic, IA [SRB] [911240]","Emilia Djingarova, NA [SRB] [2903229], Magdalena Muha, NA [CRO] [14536757]","Zadar, Studentski dom Zadar 2, Put stanova 1a","90'+30""",CRO,,23.07.2024  14:05,0,29,9,9,882049,Schweizer System
"Zadar Chess Festival, B-turnir, Zadar, 16.07.-23.07.2024.",20240716,20240723,0,"ŠK Casper, Zadar",Veljko Šagi [CRO] [14528762],"Krunoslav Lešić IA, IO [CRO] [14505258]","Dragana Randjelovic, IA [SRB] [911240]","Emilia Djingarova, NA [SRB] [2903229], Magdalena Muha, NA [CRO] [14536757]","Zadar, Studentski dom Zadar 2, Put stanova 1a","90'+30""",CRO,,23.07.2024  14:37,0,91,9,9,882050,Schweizer System
"POJEDINAČNO ŽUPANIJSKO I OPĆINSKO PRVENSTVO U STANDARDNOM ŠAHU (60"") Gundinci 13. i 14. srpnja 2024.",20240713,20240714,0,Šahovski klub Gundinci i Šahovski savez Brodsko-posavske županije,Ivan Đančević,Mirko Matić,,,Gundinci (dvorana u Ulici Stjepana Radića 2),54 minute + 6 sekundi,CRO,,14.07.2024  21:04,0,40,6,6,959813,Schweizer System
"7th International Chess Amateur Tournament, ""Solta Chess Open 2024"", Grohote, 29.06.-07.07.2024.",20240629,20240707,0,"Chess Club Brda, Split","Mateo Ivic, FM [CRO] [14504146]","Mladen Bratosevic, IA [CRO] [14506203]","Krunoslav Lesic, IA [CRO] [14505258]","Ivan Potrebica, NA [CRO][14596024], Mateo Petricevic, NA [CRO][14553295]","Solta [CRO], Grohote, House of culture","90'+30""",CRO,,07.07.2024  13:20,0,66,9,9,875159,Schweizer System
Pojedinačno juniorsko prvenstvo Koprivničko-križevačke županije za 2024- juniori,20240705,20240706,0,Šahovski savez Koprivničko-križevačke županije,Nikola Mihočka,"Borislav Vidović, DS",,,"Dom kulture, Đurđevac",30 minuta plus 30 sekundi,CRO,,06.07.2024  13:58,0,13,5,5,962077,Schweizer System
Pojedinačno kadetsko prvenstvo Hrvatske- kadeti do 11 godina -,20240623,20240628,0,Hrvatski šahovski savez,Alojzije Janković (14505959),IA Nenad Dorić (14501694),FA Vlado Karagić (14517884),"Ivo Ivanković (DS), Ante Tomaš (DS)","Trogir, Hotel Medena,  Ul. Hrvatskih žrtava 185, 21218, Seget Donji",90 minuta + 30 sekundi dodatka za svaki potez,CRO,,28.06.2024  12:00,0,42,9,9,951428,Schweizer System
Pojedinačno kadetsko prvenstvo Hrvatske- kadeti do 7 godina -,20240623,20240628,0,Hrvatski šahovski savez,Alojzije Janković (14505959),IA Nenad Dorić (14501694),FA Vlado Karagić (14517884),"Ivo Ivanković (DS), Ante Tomaš (DS)","Trogir, Hotel Medena,  Ul. Hrvatskih žrtava 185, 21218, Seget Donji",90 minuta + 30 sekundi dodatka za svaki potez,CRO,,28.06.2024  10:13,0,14,9,9,951464,Schweizer System
Pojedinačno kadetsko prvenstvo Hrvatske- kadeti do 9 godina -,20240623,20240628,0,Hrvatski šahovski savez,Alojzije Janković (14505959),IA Nenad Dorić (14501694),FA Vlado Karagić (14517884),"Ivo Ivanković (DS), Ante Tomaš (DS),","Trogir, Hotel Medena,  Ul. Hrvatskih žrtava 185, 21218, Seget Donji",90 minuta + 30 sekundi dodatka za svaki potez,CRO,,28.06.2024  11:25,0,40,9,9,951449,Schweizer System
Pojedinačno kadetsko prvenstvo Hrvatske- kadetkinje do 11 godina -,20240623,20240628,0,Hrvatski šahovski savez,Alojzije Janković (14505959),IA Nenad Dorić (14501694),FA Vlado Karagić (14517884),"Ivo Ivanković (DS), Ante Tomaš (DS)","Trogir, Hotel Medena, Ul. Hrvatskih žrtava 185, 21218, Seget Donji",90 minuta + 30 sekundi dodatka za svaki potez,CRO,,28.06.2024  11:38,0,24,9,9,951438,Schweizer System
Pojedinačno kadetsko prvenstvo Hrvatske- kadetkinje do 7 godina -,20240623,20240628,0,Hrvatski šahovski savez,Alojzije Janković (14505959),IA Nenad Dorić (14501694),FA Vlado Karagić (14517884),"Ivo Ivanković (DS), Ante Tomaš (DS)","Trogir, Hotel Medena,  Ul. Hrvatskih žrtava 185, 21218, Seget Donji",90 minuta + 30 sekundi dodatka za svaki potez,CRO,,28.06.2024  10:42,0,11,9,9,951453,Schweizer System
Pojedinačno kadetsko prvenstvo Hrvatske- kadetkinje do 9 godina -,20240623,20240628,0,Hrvatski šahovski savez,Alojzije Janković (14505959),IA Nenad Dorić (14501694),FA Vlado Karagić (14517884),"Ivo Ivanković (DS), Ante Tomaš (DS)","Trogir, Hotel Medena,  Ul. Hrvatskih žrtava 185, 21218, Seget Donji",90 minuta + 30 sekundi dodatka za svaki potez,CRO,,28.06.2024  10:15,0,15,9,9,951444,Schweizer System
Pojedinačno kadetsko prvenstvo Hrvatske-kadeti do 13 godina,20240623,20240628,0,Hrvatski šahovski savez,Alojzije Janković 14505959,"IA Nenad Dorić, 14501694","IA, Vidackovic  Branko, 14509229; Piacun, Eduard 14508877","Ivo Ivanković (DS),","Trogir, Hotel Medena, Ul. Hrvatskih žrtava 185, 21218, Seget Donji",90 minuta + 30 sekundi dodatka za svaki potez,CRO,,29.06.2024  10:55,0,72,9,9,950957,Schweizer System
Pojedinačno kadetsko prvenstvo Hrvatske-kadeti do 15 godina,20240623,20240628,0,Hrvatski šahovski savez,Alojzije Janković 14505959,"IA Nenad Dorić, 14501694","IA, Vidackovic  Branko, 14509229; Piacun, Eduard 14508877","Ivo Ivanković (DS),","Trogir, Hotel Medena, Ul. Hrvatskih žrtava 185, 21218, Seget Donji",90 minuta + 30 sekundi dodatka za svaki potez,CRO,,29.06.2024  10:54,0,86,9,9,950980,Schweizer System
Pojedinačno kadetsko prvenstvo Hrvatske-kadetkinje do 13 godina,20240623,20240628,0,Hrvatski šahovski savez,Alojzije Janković 14505959,"IA Nenad Dorić, 14501694","IA, Vidackovic  Branko, 14509229; Piacun, Eduard 14508877",Ivo Ivanković (DS),"Trogir, Hotel Medena, Ul. Hrvatskih žrtava 185, 21218, Seget Donji",90 minuta + 30 sekundi dodatka za svaki potez,CRO,,29.06.2024  10:55,0,31,9,9,950973,Schweizer System
Pojedinačno kadetsko prvenstvo Hrvatske-kadetkinje do 15 godina,20240623,20240628,0,Hrvatski šahovski savez,Alojzije Janković 14505959,"IA Nenad Dorić, 14501694","IA, Vidackovic  Branko, 14509229; Piacun, Eduard 14508877","Ivo Ivanković (DS),","Trogir, Hotel Medena, Ul. Hrvatskih žrtava 185, 21218, Seget Donji",90 minuta + 30 sekundi dodatka za svaki potez,CRO,,29.06.2024  10:56,0,23,9,9,950977,Schweizer System
Prvenstvo Veterana RH 2024.,20240621,20240626,0,Hrvatski šahovski savez u suradnji sa ŠSSDŽ,MK Mato Opačak,Saša Tadinac NA (14544962),,Mato Opačak NA(14503026),"Hotel ""Medena"" Trogir, Hrvatskih žrtava 185, Donji Seget",30 min + 30 sec dodatka za svaki izvršeni potez,CRO,,26.06.2024  12:55,0,25,7,7,940041,Schweizer System
36th International Chess Tournament Open Pula 2024Hotel Park Plaza Histria(16.06.-24.06.2024.),20240616,20240624,354858,"CC Pula, Pula",Valter Valkovic 14514931,IA Sulejman Islamovic 14516659,IA Kristian Valkovic 14513200,IA Igor Milovac 14535661;  NA (ZS) Valter Valkovic 14514931; NA (KS) Mile Ostojic 14586452,"Pula, Hotel Park Plaza Histria",90 minutes with 30 second increment from move 1,CRO,,03.07.2024  16:25,0,202,9,9,864121,Schweizer System
III. Memorijal Darka Šveca,20240615,20240619,0,"Šahovski klub ""Silent"" - Zagreb",Cechi Goran [14503450],ds Andrija Jergović [14514168],,,"Kelekova 2 Sesevete, Zagreb",60 minta + 30 sekundi po dovršenom potezu,CRO,,19.06.2024  21:24,0,42,7,7,917849,Schweizer System
"Otvoreno prvenstvo PGŽ za mlade  povodom dana Sv. Vida8. kadetski turnir ""Moj prvi rejting"" 2024",20240615,20240616,0,Šahovski savez PGŽ i ŠK Rijeka,Ivan Mandekić,"Nenad Jurman, DS,  14533421","Dušan Pijanović, DS, 14514117",,"Rijeka, Šahovski dom, Blaža Polića 2/II",30 min + 30 sec,CRO,,16.06.2024  12:04,0,22,5,5,953208,Schweizer System
"Otvoreno prvenstvo PGŽ za mlade 2024, 14. juniorski i kadetski turnir ""Dani Sv. Vida""",20240615,20240616,0,Šahovski savez PGŽ i ŠK Rijeka,Ivan Mandekić,"Nenad Jurman, DS, 14533421","Dušan Pijanović, DS, 14514117",,"Rijeka, Šahovski dom, Blaža Polića 2/II",30 min + 30 sec,CRO,,16.06.2024  15:44,0,24,6,6,953204,Schweizer System
1. turnir mladih Osijek - Valpovo (pozivni),20240601,20240615,0,"ŠK Hrvatska čitaonica, ŠK Damin gambit","Josip Martinović, Saša Savić",IA Zdravko Birovljević (14520028),DS Josip Jurman (14536641),,"Osijek - dvorana Zrinjevac, Valpovo - prostorija ŠK Hrvatska čitaonica",60 minuta fiksnog vremena+30 sekundi dodatka za svaki potez,CRO,,15.06.2024  16:10,0,19,6,6,945675,Schweizer System
Adio skulo Vela Luka,20240608,20240609,0,Šahovski klub Vela Luka,Duško Cvjetković 79308317,Marjan Franulović  79308384,,Ivan Plantić 79308406,Vela Luka,30+30,CRO,,09.06.2024  19:46,0,18,5,5,953327,Schweizer System
Ivanec open 2024 - A turnir,20240607,20240609,0,Šahovski klub Ivanec,Ivica Friščić,"Franjo Pavlović, županijski sudac",,,Horvatsko kod Ivanca,90 min + 30 sek,CRO,,09.06.2024  17:58,0,21,5,5,914621,Schweizer System
Ivanec open 2024 - B turnir - U16,20240607,20240609,0,Šahovski klub Ivanec,Ivica Friščić,"Franjo Pavlović, županijski sudac",,,Horvatsko kod Ivanca,90 min + 30 sek,CRO,,09.06.2024  18:33,0,18,5,5,914622,Schweizer System
Ivanec open 2024 - C turnir - U12,20240607,20240609,0,Šahovski klub Ivanec,Ivica Friščić,"Franjo Pavlović, županijski sudac",,,Horvatsko kod Ivanca,30 min + 30 sek,CRO,,09.06.2024  14:40,0,11,8,8,914623,Schweizer System
GARESNICA OPEN 2024.,20240530,20240602,0,"SK Garešnica, Garešnica",Miroslav Horina,"Slavko Bejuk, IA (14517361)",,"Matija Đurica, NA (14536463)","Garešnica, Školsko-športska dvorana, Kolodvorska 4",90 minutes with 30 second cumulative increment for each move starting from first move,CRO,,02.06.2024  13:13,0,42,7,7,849820,Schweizer System
New Zagreb Classic Futures U20 - Group A,20240530,20240601,0,"ŠK Novi Zagreb, Zagreb","Andrej Stanković, FI [14513501]","Krunoslav Lešić, IA, IO [14505258]","Slobodan Barkidžija, NA [CRO][79304389]","Robert Kupek, NA [CRO][14548313], Matija Čubrilo, NA [CRO] [14597063]","Zagreb, Američka međunarodna škola u Zagrebu, Damira Tomljanovića 3","90'+30""",CRO,,01.06.2024  18:56,0,31,5,5,918537,Schweizer System
New Zagreb Classic Futures U20 - Group B,20240530,20240601,0,"ŠK Novi Zagreb, Zagreb","Andrej Stanković, FI [14513501]","Krunoslav Lešić, IA, IO [14505258]","Slobodan Barkidžija, NA [CRO][79304389]","Robert Kupek, NA [CRO][14548313], Matija Čubrilo, NA [CRO] [14597063]","Zagreb, Američka međunarodna škola u Zagrebu, Damira Tomljanovića 3","90'+30""",CRO,,01.06.2024  18:05,0,34,5,5,918538,Schweizer System
New Zagreb Classic Futures U20 - Group C,20240530,20240601,0,"ŠK Novi Zagreb, Zagreb","Andrej Stanković, FI [14513501]","Krunoslav Lešić, IA, IO [14505258]","Slobodan Barkidžija, NA [CRO][79304389]","Robert Kupek, NA [CRO][14548313], Matija Čubrilo, NA [CRO] [14597063]","Zagreb, Američka međunarodna škola u Zagrebu, Damira Tomljanovića 3","90'+30""",CRO,,01.06.2024  17:43,0,59,5,5,918539,Schweizer System
"Pojedinačno kadetsko i juniorsko prvenstvo ŠSVSŽ 2024.- U12,Tompojevci, 18.-19.05.2024.",20240518,20240519,0,"ŠK Tompojevci, Tompojevci",Antun Lukić [CRO][14541386],"Krunoslav Lešić, IA, IO [CRO][14505258]","Želimir Smuk, državni sudac","Antun Lukić, klupski sudac","Tompojevci, Radićeva 23, Hrvatski dom.","30'+30""",CRO,,19.05.2024  13:12,0,19,6,6,942485,Schweizer System
"Pojedinačno kadetsko i juniorsko prvenstvo ŠSVSŽ 2024.- U16,Tompojevci, 18.-19.05.2024.",20240518,20240519,0,"ŠK Tompojevci, Tompojevci",Antun Lukić [CRO][14541386],"Krunoslav Lešić, IA, IO [CRO][14505258]","Želimir Smuk, državni sudac","Antun Lukić, klupski sudac","Tompojevci, Radićeva 23, Hrvatski dom.","30'+30""",CRO,,19.05.2024  14:06,0,24,6,6,942486,Schweizer System
Ivanečki vitezovi 2024. - A + B U18,20240224,20240517,363247,Šahovski klub Ivanec,Željko Črepinko,"Predrag Križanić, županijski sudac",,,Horvatsko kod Ivanca,30 min + 30 sek,CRO,,17.05.2024  20:50,0,29,6,6,896929,Schweizer System
Kadetski turnir ŠK Sveta Nedelja U12,20240504,20240505,0,ŠK Sveta Nedelja,Igor Ševo,Robert Kupek (14548313),,,"Grand Hotel zagreb, Jankomir 27, 10000 Zagreb",30 min. + 30 sek.,CRO,,05.05.2024  15:58,0,29,6,6,929714,Schweizer System
Otvoreno kadetsko prvenstvo Dubrovnika za 2024.,20240419,20240421,369741,Šahovski klub Dubrovnik,Vlaho Zlošilo (79306012),KS Leonardo Jerković 334033448,KS Ivan Potrebica 14596024,,"Dubrovnik, Liechtensteinov put 12",30 minuta za cijelu partiju s dodatkom 30 sekunde po završenom potezu,CRO,,22.04.2024  02:55,0,28,7,7,921632,Schweizer System
Zdravo zdravlju - Elektrostrojarska škola Varaždin,20240415,20240415,0,Elektrostrojarska škola Varaždin,Miroslav Smuđ,"Miroslav Smuđ, žs",,,Varaždin,7'+3'' za svaki odigrani potez,CRO,,15.04.2024  10:48,0,25,6,6,924381,Schweizer System
"“VRSAR OPEN 2024""",20240401,20240407,0,"ŠK Sane Chess, Zagreb","Lovrinić, Vlatko (CRO) [14574713]","IA Dorić, Nenad (CRO) [14501694]",,,"Vrsar (CRO), Sportska dvorana Saline",90 minutes with 30 second increment from move 1,CRO,,07.04.2024  13:33,0,44,9,9,878794,Schweizer System
Pojedinačno kadetsko prvenstvo Kc-Kž županije za 2024 -M11,20240406,20240407,0,Šahovski savez Koprivničko-križevačke županije,Nikola Mihočka,"Borislav Vidović, DS",,"Ivan Baruškin, ŽS","Ferdinandovac, društveni dom",30 min. + 30 sek.,CRO,,06.04.2024  18:01,0,8,5,5,918377,Schweizer System
Pojedinačno kadetsko prvenstvo Kc-Kž županije za 2024 -M13,20240406,20240407,0,Šahovski savez Koprivničko-križevačke županije,Nikola Mihočka,"Borislav Vidović, DS",,"Ivan Baruškin, ŽS","Ferdinandovac, društveni dom",30 min. + 30 sek.,CRO,,07.04.2024  13:34,0,9,5,5,918389,Schweizer System
Pojedinačno kadetsko prvenstvo Kc-Kž županije za 2024 -M15 i Ž15,20240406,20240407,0,Šahovski savez Koprivničko-križevačke županije,Nikola Mihočka,"Borislav Vidović, DS",,"Ivan Baruškin, ŽS","Ferdinandovac, društveni dom",30 min. + 30 sek.,CRO,,07.04.2024  13:44,0,8,5,5,918404,Schweizer System
Pojedinačno kadetsko prvenstvo Kc-Kž županije za 2024 -Ž11,20240406,20240407,0,Šahovski savez Koprivničko-križevačke županije,Nikola Mihočka,"Borislav Vidović, DS",,"Ivan Baruškin, ŽS","Ferdinandovac, društveni dom",30 min. + 30 sek.,CRO,,07.04.2024  13:47,0,10,5,5,918385,Schweizer System
Pojedinačno kadetsko prvenstvo Kc-Kž županije za 2024 -Ž13,20240406,20240407,0,Šahovski savez Koprivničko-križevačke županije,Nikola Mihočka,"Borislav Vidović, DS",,"Ivan Baruškin, ŽS","Ferdinandovac, društveni dom",30 min. + 30 sek.,CRO,,07.04.2024  13:46,0,7,5,5,918395,Schweizer System
Varaždinsko proljeće 2024 - A turnir seniori,20240404,20240406,0,ŠD Varaždin,Miroslav Smuđ,"Kelemen Miljenko, žs",,Vladimir Hanjš ds,Varaždin,30'+30'' za svaki odigrani potez,CRO,,06.04.2024  13:53,0,14,6,6,906730,Schweizer System
Varaždinsko proljeće 2024 - B turnir U16,20240404,20240406,0,ŠD Varaždin,Miroslav Smuđ,Miljenko Kelemen žs,,Vladimir Hanjš ds,Varaždin,30'+30'' za svaki odigrani potez,CRO,,06.04.2024  14:13,0,18,6,6,906717,Schweizer System
Varaždinsko proljeće 2024 - C turnir U12,20240404,20240406,0,ŠD Varaždin,Miroslav Smuđ,Kelemen Miljenko žs,,Mateo Stanković ds,Varaždin,30'+30'' za svaki odigrani potez,CRO,,06.04.2024  21:18,0,29,6,6,906725,Schweizer System
Varaždinsko proljeće 2024 - D turnir nac. rejting <1700,20240404,20240406,0,ŠD Varaždin,Miroslav Smuđ,Kelemen Miljenko žs,,Vladimir Hanjš ds,Varaždin,30'+30'' za svaki odigrani potez,CRO,,11.04.2024  08:02,0,10,6,6,906729,Schweizer System
Prvenstvo Šibenika za 2024. II,20240307,20240404,0,"ŠK""Šibenik""",Miro Tesla,"Stipe Lacmanović, FA",,"Branimir Šupe, KS",Šibenik,90 min. plus 30 sec. od prvog poteza,CRO,,06.04.2024  10:51,0,21,9,9,905925,Schweizer System
Pulastrići02,20240401,20240402,0,Šahovski klub Vela Luka,Anamarija Franulović,Marjan Franulović 79308384,,Ivan Plantić  79308406,Vela Luka,30+30,CRO,,02.04.2024  17:26,0,9,5,5,918293,Schweizer System
Pojedinačno prvenstvo PGŽ do 13 god. - 23.-24.03.2024,20240323,20240324,0,"Šahovski savez Primorsko-goranske županije, Šahovski klub Rijeka",Bojan Birk,"NA Pijanovic, Dusan 14514117","NA Derencinovic, Radoslav 14510804",,"Rijeka, Šahovski dom, Blaža Polića 2/2",30 min + 30 sec/potez,CRO,,24.03.2024  13:52,0,23,6,6,912751,Schweizer System
Pojedinačno prvenstvo PGŽ do 19 god. - 23.-24.03.2024,20240323,20240324,0,"Šahovski savez Primorsko-goranske županije, Šahovski klub Rijeka",Bojan Birk,"NA Pijanovic, Dusan 14514117","NA Derencinovic, Radoslav 14510804",,"Rijeka, Šahovski dom, Blaža Polića 2/2",60 min + 30 sec/potez,CRO,,24.03.2024  17:23,0,12,6,6,912752,Schweizer System
33. POJEDINAČNO PH U ŠAHU ZA SLIJEPE,20240305,20240311,0,HRVATSKI ŠAHOVSKI SAVEZ SLIJEPIH,RUŽA MARKEŠIĆ,JOSIP BANDUR IA,,Mate Ivančić  IA  zamjenik glavnog sudca,ZAGREB,2 SATA - 40 POTEZA UZ  DODATAK 30 MIN.,CRO,,11.03.2024  17:18,0,14,7,7,904174,Schweizer System
Pojedinačno prvenstvo Primorsko-goranske županije do 11 god. - 09.-10.03.2024,20240309,20240310,0,"Šahovski savez Primorsko-goranske županije, Šahovski klub Rijeka",Bojan Birk,"IA Birk, Bojan 14527677","NA Pijanovic, Dusan 14514117","NA Zekic, Patrik 14562006","Rijeka, Šahovski dom, Blaža Polića 2/2",30 min + 30 sec/potez,CRO,,10.03.2024  13:10,0,22,6,6,905202,Schweizer System
Pojedinačno prvenstvo Primorsko-goranske županije do 17 god. - 09.-10.03.2024,20240309,20240310,0,"Šahovski savez Primorsko-goranske županije, Šahovski klub Rijeka",Bojan Birk,"IA Birk, Bojan 14527677","NA Pijanovic, Dusan 14514117","NA Zekic, Patrik 14562006","Rijeka, Šahovski dom, Blaža Polića 2/2",60 min + 30 sec/potez,CRO,,10.03.2024  18:20,0,16,6,6,905203,Schweizer System
10. Memorijal Nereo Butković 2024,20240205,20240304,0,ŠK.Pula,Valter Valković,Zoran Mijatović IA,Valter Valković NA,Mile Ostojić NA,,90 minuta + 30 sekundi po odigranom potezu,CRO,,04.03.2024  22:14,0,19,9,9,889067,Schweizer System
62. prvenstvo Dubrovnika za 2024. godinu - polufinale,20240301,20240303,0,"ŠK Dubrovnik, Dubrovnik",Vlaho Zlošilo (CRO) [79306012],IA Sulejman Islamović (CRO) [14516659],,,"Dubrovnik, Prostorije Kluba, Lichtensteinov put 12",60 minuta po igraču za cijelu partiju plus 30 sekundi za svaki završeni potez,CRO,,03.03.2024  20:23,0,11,5,5,897799,Schweizer System
Pojedinačno seniorsko prvenstvo ŠK Križevci za 2024A-turnir,20240301,20240303,0,Šahovski klub Križevci,Igor Kudeljnjak,"Borislav Vidović, DS",,,"Križevci, prostorija Kluba, Potočka 26",90 minuta sa dodatkom od 30 sekundi,CRO,,04.03.2024  07:54,0,8,5,5,887028,Schweizer System
Pojedinačno prvenstvo ŠK Petar Sedlar Pepe 2024.,20240211,20240227,0,ŠK Petar Sedlar Pepe,Ivica Brkić 14505835,Ivo Ivanković 14504138,,,Kaštel Novi,90 minutes for game with 30 seconds increment from move 1,CRO,,25.02.2024  19:34,0,15,7,7,888514,Schweizer System
Pojedinačno prvenstvo Zagreba 2024. za kadete do 11 godina,20240223,20240225,0,Zagrebački šahovski savez,Krešimit Podravec,Josip Bandur IA,"Vid Brzica, Danko Brajdić, Slobodan Barkidžija",,"Šahovska dvorana doma sportova, Trg Krešimira Ćosića 11, Zagreb",30 minuta + 30 sekundi,CRO,,25.02.2024  13:00,0,26,9,9,893119,Schweizer System
Pojedinačno prvenstvo Zagreba 2024. za kadete do 9 godina,20240223,20240225,0,Zagrebački šahovski savez,Krešimit Podravec,Josip Bandur IA,"Vid Brzica, Danko Brajdić, Slobodan Barkidžija",,"Šahovska dvorana doma sportova, Trg Krešimira Ćosića 11, Zagreb",30 minuta + 30 sekundi,CRO,,25.02.2024  13:39,0,23,9,9,893120,Schweizer System
"3. OTVORENO PRVENSTVO ŠAHOVSKOG KLUBA ""ŠK BRDA - SPLIT",20240218,20240224,0,ŠK Brda Split,Mateo Ivić,Vladimir Cvetnić IA,Mateo Ivić KS,,Prostorije ŠK Brda  Šimićeva52 Split,90 mimuta + 30 sekundi za svaki odigrani potez počevši od prvog poteza,CRO,,07.03.2024  18:31,0,35,7,7,880447,Schweizer System
Open Sesvete 2024.,20240217,20240224,0,"ŠK Sane Chess & ŠK Sesvete Agroproteinka, Zagreb",Vlatko Lovrinić,"Vlado Karagić, FA",,,"Sesvete, Kelekova 2","90'+30"" - standard",CRO,,25.02.2024  13:37,0,69,9,9,834654,Schweizer System
Vela Luka B turnir,20240222,20240223,0,Šahovski klub Vela Luka,Anamarija Franulović,Ivan Plantić 79308406,,,Vela Luka,30+30,CRO,,23.02.2024  18:02,0,14,5,5,895984,Schweizer System
Pojedinačno prvenstvo Zagreba 2024. za kadete do 13 godina,20240220,20240222,0,Zagrebački šahovski savez,Krešimir Podravec,Josip Bandur IA,"Vid Brzica, Danko Brajdić, Slobodan Barkidžija",,"Šahovska dvorana doma sportova, Trg Krešimira Ćosića 11, Zagreb",30 minuta + 30 sekundi,CRO,,22.02.2024  17:46,0,29,9,9,894483,Schweizer System
Pojedinačno prvenstvo Zagreba 2024. za kadete do 15 godina,20240220,20240222,0,Zagrebački šahovski savez,Krešimir Podravec,Josip Bandur IA,"Vid Brzica, Danko Brajdić, Slobodan Barkidžija",,"Šahovska dvorana doma sportova, Trg Krešimira Ćosića 11, Zagreb",30 minuta + 30 sekundi,CRO,,22.02.2024  14:59,0,18,9,9,893108,Schweizer System
Pojedinačno kadetsko prvenstvo Zagrebačke županije za 2024 U09 M,20240217,20240218,0,ŠK Polet Buševec,Kos Bruno,Kos Bruno ŽS,Zlatko Rožić ŽS,Marijan Rožić KS,"ŠK Polet Buševec Zvrnik1 ,Buševec",30 min + 30 sec/pot,CRO,,17.02.2024  13:34,0,11,5,5,887823,Schweizer System
Pojedinačno kadetsko prvenstvo Zagrebačke županije za 2024 U11 M,20240217,20240218,0,ŠK Polet Buševec,Kos Bruno,Kos Bruno ŽS,Zlatko Rožić ŽS,Marijan Rožić KS,"ŠK Polet Buševec Zvrnik1 ,Buševec",30 min + 30 sec/pot,CRO,,18.02.2024  12:16,0,19,5,5,887821,Schweizer System
Pojedinačno kadetsko prvenstvo Zagrebačke županije za 2024 U13 M,20240217,20240218,0,ŠK Polet Buševec,Kos Bruno,Kos Bruno ŽS,Zlatko Rožić ŽS,Marijan Rožić KS,"ŠK Polet Buševec Zvrnik1 ,Buševec",30 min + 30 sec/pot,CRO,,18.02.2024  10:50,0,22,5,5,887819,Schweizer System
Pojedinačno kadetsko prvenstvo Zagrebačke županije za 2024 U15 M,20240217,20240218,0,ŠK Polet Buševec,Kos Bruno,Kos Bruno ŽS,Zlatko Rožić ŽS,Marijan Rožić KS,"ŠK Polet Buševec Zvrnik1 ,Buševec",30 min + 30 sec/pot,CRO,,18.02.2024  12:59,0,27,5,5,887815,Schweizer System
Pulastrići 01 Vela Luka,20240217,20240218,0,Šahovski klub Vela Luka,Duško Cvjetković 79308317,Marjan Franulović 79308384,,,Vela Luka,30+30,CRO,,18.02.2024  17:30,0,10,5,5,892146,Schweizer System
Pojedinačno prvenstvo Primorsko-goranske županije do 15 god. - 10.-11.02.2024,20240210,20240211,888885,"Šahovski savez Primorsko-goranske županije, Šahovski klub Kastav",Eugen Podobnik,"IA Piacun, Eduard 14508877",,"DS Res, Dalibor 14510928; KS Podobnik, Eugen 14532638","Kastav, Gradska vjećnica, Zakona Kastafskega 3",60 min + 30 sec/potez,CRO,,16.03.2024  13:04,0,18,6,6,888885,Schweizer System
New Zagreb Classic 2024 - Open A,20240202,20240204,0,"ŠK Novi Zagreb, https://www.sknovizagreb.hr/","Andrej Stanković, FI [CRO][14513501]","Krunoslav Lešić, IA, IO [CRO][14505258]","Andrija Jergović, NA [CRO][14514168]","Slobodan Barkidžija, NA [CRO][79304389], Robert Kupek, NA [CRO][14548313]","Zagreb, Miramarska cesta 24, Maistra City Vibes Hotel International","90'+30""",CRO,,04.02.2024  19:02,0,33,5,5,867933,Schweizer System
New Zagreb Classic 2024 - Open B,20240202,20240204,0,"ŠK Novi Zagreb, https://www.sknovizagreb.hr/","Andrej Stanković, FI [CRO][14513501]","Krunoslav Lešić, IA, IO [CRO][14505258]","Andrija Jergović, NA [CRO][14514168]","Slobodan Barkidžija, NA [CRO][79304389], Robert Kupek, NA [CRO][14548313]","Zagreb, Miramarska cesta 24, Maistra City Vibes Hotel International","90'+30""",CRO,,04.02.2024  18:51,0,71,5,5,867934,Schweizer System
New Zagreb Classic 2024 - Open C,20240202,20240204,0,"ŠK Novi Zagreb, https://www.sknovizagreb.hr/","Andrej Stanković, FI [CRO][14513501]","Krunoslav Lešić, IA, IO [CRO][14505258]","Andrija Jergović, NA [CRO][14514168]","Slobodan Barkidžija, NA [CRO][79304389], Robert Kupek, NA [CRO][14548313]","Zagreb, Miramarska cesta 24, Maistra City Vibes Hotel International","90'+30""",CRO,,04.02.2024  18:21,0,75,5,5,867935,Schweizer System
"Pojedinačno kadetsko i juniorsko prvenstvo ŠZŽI za 2024.-/U12/, Stari Mikanovci,27.-28.01.2024.",20240127,20240128,0,"ŠK Šokadija, Stari Mikanovci",Zdenko Brkić [CRO][14506823],"Krunoslav Lešić, IA [CRO][14505258]","Anto Majić, FA [CRO][14522411]","Ivan Dujić, NA [CRO][14574829], Ivan Đančević, NA [CRO][14522799], Sanja Konjević, NA [CRO][14593076]","Stari Mikanovci, sportska dvorana OŠ Stjepana Cvrkovića, Vladimira Nazora 18A","30'+30""",CRO,,28.01.2024  15:42,0,72,7,7,875797,Schweizer System
"Pojedinačno kadetsko i juniorsko prvenstvo ŠZŽI za 2024.-/U16/, Stari Mikanovci,27.-28.01.2024.",20240127,20240128,0,"ŠK Šokadija, Stari Mikanovci",Zdenko Brkić [CRO][14506823],"Krunoslav Lešić, IA [CRO][14505258]","Anto Majić, FA [CRO][14522411]","Ivan Dujić, NA [CRO][14574829], Ivan Đančević, NA [CRO][14522799], Sanja Konjević, NA [CRO][14593076]","Stari Mikanovci, sportska dvorana OŠ Stjepana Cvrkovića, Vladimira Nazora 18A","60'+30""",CRO,,28.01.2024  18:08,0,51,6,6,875798,Schweizer System
"Pojedinačno kadetsko i juniorsko prvenstvo ŠZŽI za 2024.-/U20/, Stari Mikanovci,27.-28.01.2024.",20240127,20240128,0,"ŠK Šokadija, Stari Mikanovci",Zdenko Brkić [CRO][14506823],"Krunoslav Lešić, IA [CRO][14505258]","Anto Majić, FA [CRO][14522411]","Ivan Dujić, NA [CRO][14574829], Ivan Đančević, NA [CRO][14522799], Sanja Konjević, NA [CRO][14593076]","Stari Mikanovci, sportska dvorana OŠ Stjepana Cvrkovića, Vladimira Nazora 18A","60'+30""",CRO,,28.01.2024  18:32,0,20,6,6,875799,Schweizer System
"Pojedinačno kadetsko i juniorsko prvenstvo ŠZŽI za 2024.-/Ž12/, Stari Mikanovci,27.-28.01.2024.",20240127,20240128,0,"ŠK Šokadija, Stari Mikanovci",Zdenko Brkić [CRO][14506823],"Krunoslav Lešić, IA [CRO][14505258]","Anto Majić, FA [CRO][14522411]","Ivan Dujić, NA [CRO][14574829], Ivan Đančević, NA [CRO][14522799], Sanja Konjević, NA [CRO][14593076]","Stari Mikanovci, sportska dvorana OŠ Stjepana Cvrkovića, Vladimira Nazora 18A","30'+30""",CRO,,28.01.2024  15:36,0,25,7,7,875795,Schweizer System
"Pojedinačno kadetsko i juniorsko prvenstvo ŠZŽI za 2024.-/Ž16/, Stari Mikanovci,",20240127,20240128,0,"ŠK Šokadija, Stari Mikanovci",Zdenko Brkić [CRO][14506823],"Krunoslav Lešić, IA [CRO][14505258]","Anto Majić, FA [CRO][14522411]","Ivan Dujić, NA [CRO][14574829], Ivan Đančević, NA [CRO][14522799], Sanja Konjević, NA [CRO][14593076]","Stari Mikanovci, sportska dvorana OŠ Stjepana Cvrkovića, Vladimira Nazora 18A","60'+30""",CRO,,28.01.2024  17:40,0,24,6,6,875796,Schweizer System
Ivanečki vitezovi - Open A+B,20231117,20240127,0,Šahovski klub Ivanec,Željko Črepinko,Željko Matkun FA,"Predrag Križanić, županijski sudac",,Horvatsko kod Ivanca,30 min + 30 sek,CRO,,27.01.2024  20:49,0,23,6,6,846202,Schweizer System
Ivanečki vitezovi - Open C - U12,20231117,20240127,0,Šahovski klub Ivanec,Željko Črepinko,Željko Matkun FA,"Predrag Križanić, županijski sudac",,Horvatsko kod Ivanca,30 min + 30 sek,CRO,,02.02.2024  15:20,0,22,6,6,846201,Schweizer System
12. open KrapinaOtvoreno prvenstvo grada Krapine 19.-21.01.2024.,20240119,20240121,348851,Šahovski klub Krapina,Mirjana Medić,Mirjana Medić IA (14501619),Radmila Švaljek IA (14501759),,"Krapina, Ul. Ljudevita Gaja 15",60 minuta + 30 sekundi za svaki potez,CRO,,21.01.2024  17:04,0,78,7,7,842831,Schweizer System
POJEDINAČNO SENIORSKO PRVENSTVO BRODSKO-POSAVSKE ŽUPANIJE U STANDARDNOM ŠAHU ZA 2023. GODINU-siječanj 2024.,20240113,20240121,0,"Šahovski savez Brodsko-posavske županije i ŠK ""Đuro Đaković"" Slavonski Brod",,Ivan Đančević (ŽS),,,Slavonski Brod,60 minuta + 30 sekundi,CRO,,24.01.2024  20:01,0,36,6,6,818622,Schweizer System
Otvoreno prvenstvo Siska 2024.,20240113,20240114,0,ŠD Sisak,"FM, NA Milan Brigljević [14501015]",IA Siniša Režek [14516594],NA Klara Krmpotić [14528592],NA Zita Brigljević [14525852],"Sisak (CRO), prostorije ŠD Sisak, Antuna i Stjepana Radića 44",30 minuta + 30 sekunde dodatka po završenom potezu počevši od prvoga,CRO,,14.01.2024  15:16,0,10,6,6,877334,Schweizer System
Pojedinačno seniorsko prvenstvo Kc-Kž županije za 2024- muškarci,20240106,20240113,0,"Šahovski savez Koprivničko-križevačke županije, Ante Starčevića 15, Koprivnica",Nikola Mihočka,"Borislav Vidović, DS",,,"Sveti Ivan Žabno, kino sala, Trg K. Lukaša 1",90. min. plus 30. sec.,CRO,,13.01.2024  18:19,0,18,6,6,873133,Schweizer System
Pojedinačno seniorsko prvenstvo Kc-Kž županije za 2024- žene,20240106,20240113,0,"Šahovski savez Koprivničko-križevačke županije, Ante Starčevića 15, Koprivnica",Nikola Mihočka,"Borislav Vidović, DS",,,"Sveti Ivan Žabno, kino sala, Trg K. Lukaša 1",90. min. plus 30. sec.,CRO,,13.01.2024  12:40,0,7,5,5,873135,Schweizer System
"MEĐUNARODNI OTVORENI ŠAHOVSKI TURNIR ""28th Open BOŠNJACI"", 03-09.01.2024",20240103,20240109,0,Chess club Bosnjaci Bošnjaci,Luka Golubičić,"Branko Vidačković, IA 14509229","Babic, Andrija, IA 14507390, Ivica Leaković, IA 14504707","Adam Ilišević,KS CRO [14509954], Ivan Dujić ŽS CRO [14574829]","Kino dvorana dom kulture, Bošnjaci",90 minutes with 30 seconds cumulative increment for each move starting from first move,CRO,,09.01.2024  14:41,0,154,9,9,820732,Schweizer System
14. TOP 10 KADETA ŠK RIJEKA,20240105,20240107,0,Chess Club Rijeka,"Zelenika, Srdjan 14501350","IA Birk, Bojan 14527677","NA Pijanovic, Dusan 14514117",,"Rijeka, Šahovski dom, Blaža Polića 2/2",60 min + 30 sec,CRO,,07.01.2024  14:49,0,10,6,6,873067,Schweizer System
15. juniorsko prvenstvo OBŽ_turnir juniorki i juniora,20240105,20240107,0,"ŠS Osječko-baranjske županije, ŠK Slavonac Našice",Renato Vince,IA Zdravko Birovljević (14520028),DS Renato Vince (14518600),DS Adam Tomaić (14518546),"Našice, hotel Park",30 minuta fiksnog vremena + 30 sekundi dodatka za svaki odigrani potez,CRO,,07.01.2024  16:32,0,12,9,9,867548,Schweizer System
25 .kadetsko prvenstvo OBŽ_turnir kadetkinja do 11 godina,20240105,20240107,0,"ŠS Osječko-baranjske županije, ŠK Slavonac Našice",Renato Vince,IA Zdravko Birovljević (14520028),DS Renato Vince (14518600),DS Adam Tomaić (14518546),Našice,30 minuta fiksnog vremena+30 sekundsi za svaki završeni potez,CRO,,07.01.2024  16:32,0,17,9,9,874352,Schweizer System
25. kadetsko prvenstvo OBŽ_ turnir kadetkinja i kadeta do 15 godina,20240105,20240107,0,"ŠS OBŽ, ŠK Slavonac Našice",Renato Vince,IA Zdravko Birovljević (14520028),DS Renato Vince (14518600),DS Adam Tomaić (14518546),"Našice, hotel Park",30 minuta fiksnog vremena + 30 sekundi dodatka za svaki odigrani potez,CRO,,07.01.2024  16:32,0,38,9,9,867550,Schweizer System
25. kadetsko prvenstvo OBŽ_turnir kadeta do 11 godina,20240105,20240107,0,"ŠS OBŽ, ŠK Slavonac Našice",Renato Vince,IA Zdravko Birovljević (14520028),DS Renato Vince (14518600),DS Adam Tomaić (14518546),"Našice, hotel Park",30 minuta fiksnog vremena + 30 sekundi dodatka za svaki odigrani potez,CRO,,07.01.2024  16:32,0,21,9,9,867549,Schweizer System
"BRZOPOTEZNI ŠAHOVSKI TURNIR ""28th Open BOŠNJACI"", 07.01.2024",20240107,20240107,0,Chess club Bosnjaci Bošnjaci,Luka Golubičić,"Branko Vidačković, IA 14509229",Ivan Dujić ŽS CRO [14574829],,"Kino dvorana dom kulture, Bošnjaci",3 minutes with 2 seconds cumulative increment for each move starting from first move,CRO,,07.01.2024  18:12,0,90,11,11,820742,Schweizer System
Božićni rejting turnir za kadete ŠK Križevci,20231227,20231228,0,Šahovski klub Križevci,,"Borislav Vidović, DS",,,"Križevci, prostorija Kluba, Potočka 26",30. min. plus 30. sec.,CRO,,28.12.2023  11:44,0,14,6,6,870486,Schweizer System
Pojedinačno otvoreno prvenstvo Hrvatske za žene,20231217,20231223,353184,Hrvatski šahovski savez,Alojzije Janković,"Radmila Švaljek, IA (14501759)","Andrija Babić, IA (14507390)",,"Zagreb, Masarykova 22/3",90 min za 40 poteza + 30 min za ostatak partije + 30 sec za svaki završeni potez počevši od prvoga,CRO,,23.12.2023  13:59,0,14,9,9,861091,Schweizer System
Prvenstvo Zadarske županije u šahu za 2023. godinu,20231218,20231223,0,"Šahovski savez Zadarske županije, Šahovski klub ""Zadar"" Zadar",Zlatko Šimunović 14596784,Zlatko Šimunović 14596784,,,"Brne Krnarutića 6, Zadar",60' + 30'',CRO,,23.12.2023  20:27,1,14,7,7,860341,Schweizer System
61. prvenstvo Dubrovnika za 2023. godinu,20231208,20231217,351905,"ŠK Dubrovnik, Dubrovnik",Vlaho Zlošilo (CRO) [79306012],IA Sulejman Islamović (CRO) [14516659],,,"Dubrovnik, Prostorije Kluba, Lichtensteinov put 12",Svi potezi u 60 min + 30 sec po potezu,CRO,,17.12.2023  19:35,0,15,7,7,852173,Schweizer System
"Otvoreni kadetski turnir ŠK Šahovski centar_U12,Županja, 16.-17.12.2023.",20231216,20231217,0,ŠK Šahovski centar,"Krunoslav Lešić, IA, IO [CRO][14505258]","Krunoslav Lešić, IA, IO [CRO][14505258]",,,"Županja, Multikulturni centar, Ul. bana Josipa Jelačića 2b","30'+30""",CRO,,17.12.2023  14:55,0,43,6,6,859762,Schweizer System
"Otvoreni kadetski turnir ŠK Šahovski centar_U16,Županja, 16.-17.12.2023.",20231216,20231217,0,ŠK Šahovski centar,"Krunoslav Lešić, IA, IO [CRO][14505258]","Krunoslav Lešić, IA, IO [CRO][14505258]",,,"Županja, Multikulturni centar, Ul. bana Josipa Jelačića 2b","30'+30""",CRO,,17.12.2023  15:18,0,19,6,6,859944,Schweizer System
Prvenstvo Osijeka 2023,20231211,20231217,0,Osječki šahovski savez,Zvonko Horvat,Renato Vince,Nenad Mrkonjić,,Osijek,30 minuta fiksnog vremena + dodatak od 30 sekundi za svaki završeni potez,CRO,,17.12.2023  12:14,0,28,7,7,852197,Schweizer System
Božićni turnir Brestovac,20231103,20231215,0,šk Brestovac,Damir Rosipal,ks Pejo Martić,,,Požeška 45 Brestovac,60min+30 sek,CRO,,15.12.2023  17:39,0,11,7,7,841241,Schweizer System
26.Božićni Cro- rejtingirani turnir 2023. ŠK Ruščica,20231103,20231211,0,Šahovski klub Ruščica iz Ruščice,Antnun Rakić,"Mato Opačak, državni sudac (14503026)","Dragan Pavić, županijski sudac (14519550)",,Šah klub Ruščica Ivane Brlić Mažuranić 3.,60 minuta za cijelu partiju s dodatkom 30 sekundi po potezu počevši od prvog poteza (Fischer),CRO,,19.12.2023  03:38,0,13,7,7,682971,Schweizer System
Sesvete 2023. - VI. otvoreni kadetski i juniorski šahovski turnir - juniori do 19 godina,20231209,20231210,0,Šahovski klub Sesvete Agroproteinka,Radoslav Dumančić,"Damir Obad, KS","Mladen Nagl, KS","Klara Krmpotić, KS","Gimnazija Sesvete, Bistrička 7, Sesvete","30'+30"" - standard",CRO,,10.12.2023  16:02,0,10,5,5,840454,Schweizer System
Sesvete 2023. - VI. otvoreni kadetski i juniorski šahovski turnir - kadeti do 13godina,20231209,20231210,0,Šahovski klub Sesvete Agroproteinka,Radoslav Dumančić,"Damir Obad, KS","Klara Krmpotić, KS","Mladen Nagl, KS","Gimnazija Sesvete, Bistrička 7, Sesvete","30'+30"" - standard",CRO,,10.12.2023  16:02,0,27,6,6,840438,Schweizer System
Sesvete 2023. - VI. otvoreni kadetski i juniorski šahovski turnir - kadeti do 15godina,20231209,20231210,0,Šahovski klub Sesvete Agroproteinka,Radoslav Dumančić,"Damir Obad, KS","Klara Krmpotić, KS","Mladen Nagl, KS","Gimnazija Sesvete, Bistrička 7, Sesvete","30'+30"" - standard",CRO,,10.12.2023  16:15,0,12,6,6,840448,Schweizer System
Sesvete 2023. - VI. otvoreni kadetski i juniorski šahovski turnir - kadeti do 9godina,20231209,20231210,0,Šahovski klub Sesvete Agroproteinka,Radoslav Dumančić,"Vlado Karagić, FA","Ana Stančin, KS",,"Gimnazija Sesvete, Bistrička 7, Sesvete","30'+30"" - standard",CRO,,10.12.2023  15:40,0,32,6,6,840421,Schweizer System
Sesvete 2023. - VI. otvoreni kadetski i juniorski šahovski turnir- kadeti do 11 godina,20231209,20231210,0,Šahovski klub Sesvete Agroproteinka,Radoslav Dumančić,"Vlado Karagić, FA","Ana Stančin, KS",,,"30'+30"" - standard",CRO,,10.12.2023  15:20,0,26,6,6,840431,Schweizer System
Rejting turnir početnika ŠK Križevci,20231208,20231209,0,Šahovski klub Križevci,Igor Kudeljnjak,"Borislav Vidović, DS",,,"Križevci, prostorija kluba, Potočka 26",30 minuta plus 30 sekundi,CRO,,09.12.2023  16:10,0,9,7,7,861521,Schweizer System
23. Memorijal Milan Kuzmanović 2023,20231110,20231208,0,ŠK.Pula,Valter Valković,Zoran Mijatović IA,Valter Valković NA (žs),Mile Ostojić NA (ks),Pula,90 minuta + 30 sekundi za svaki odigrani potez,CRO,,11.12.2023  22:14,0,24,9,9,847095,Schweizer System
"19. kadetski šahovski turnir ""Iovallium""",20231201,20231203,0,"Šahovski savez Osječko - baranjske županije, ŠK Hrvatska čitaonica",Renato Vince,IA Zdravko Birovljević (14520028),DS Renato Vince (14518600),"DS Josip Jurman (14622815), KS Andrej Meško (14510553)",,30 minuta fiksnog vremena + 30 sekundi dodatka za svaki potez,CRO,,03.12.2023  13:29,0,111,7,7,842823,Schweizer System
"25. ženski šahovski turnir ""Čarobni prsten""",20231201,20231203,0,Šahovski savez Osječko - baranjske županije,Rento Vince,IA Zdravko Birovljević (14520028),DS Renato Vince (14518600),"DS Josip Jurman (14622815), KS Andrej Meško (14510553)",Valpovo_ hotel Villa Valpovo,30 minuta fiksnog vremena + 30 sekundi dodatka za svaki potez,CRO,,03.12.2023  13:30,0,32,7,7,842822,Schweizer System
"OTVORENI MEĐUNARODNI ŠAHOVSKI TURNIR DUBROVNIK ADVENT 2023Dubrovnik, Valamar Lacroma Dubrovnik Hotel, 1.12-3.12.2023",20231201,20231203,344566,"ŠK Dubrovnik, Dubrovnik",Vlaho Zlošilo (79306012),IA Sulejman Islamović (14516659),FA Željko Matkun (14510839),Ivan Potrebica (14596024),"Dubrovnik, Valamar Lacroma Dubrovnik Hotel, Iva Dulčića 34",60 minuta za cijelu partiju s dodatkom 30 sekundi po potezu počevši od prvog poteza (Fischer),CRO,,26.12.2023  16:58,0,119,6,6,809182,Schweizer System
9. Turnir nada OBŽ,20231202,20231202,0,"ŠS OBŽ, ŠK Hrvatska čitaonica",Renato VInce,IA Zdravko Birovljević (14520028),KS Andrej Meško (14510553),"KS Josip Martinović (14537249), Damir Meško (14534720)","Valpovo, prostorija ŠK Hrvatska čitaonica",Igra bez sata,CRO,,03.12.2023  10:05,0,20,5,5,859305,Schweizer System
14. Kadetsko prvenstvo Osijeka za 2023. U11Turnir je zajednički za kadete i kadetkinje,20231111,20231125,0,"OSJEČKI ŠAHOVSKI SAVEZ  i ŠK ""DAMIN GAMBIT""",Zvonko Horvat,"Josip Jurman, Državni sudac (14536641)","Saša Savić, Klupski sudac (14561085)",,"Šahovski dom, Sportska dvorana Zrinjevac, Reisnerova 46/A 2. kat","30,00min+ 30 sek po potezu",CRO,,25.11.2023  12:22,0,21,9,9,842062,Schweizer System
14. Prvenstvo za starije kadete Osijeka 2023. U15Turnir je zajednički za kadete i kadetkinje,20231111,20231125,0,"OSJEČKI ŠAHOVSKI SAVEZ i ŠK""DAMIN GAMBIT""",Zvonko Horvat,"Josip Jurman, Državni sudac (14536641)","Saša Savić, Klupski sudac(14561085)",,"Šahovski dom, Sportska dvorana Zrinjevac, Reisnerova 46/A-2.kat","30,00 min+ 30 sek. dodatak po potezu",CRO,,25.11.2023  12:21,0,13,9,9,839980,Schweizer System
Pojedinačno prvenstvo Splitsko - dalmatinske županije 2023,20231110,20231119,0,ŠSŽSD,Božo Mišković 14512742,Ivo Ivanković 14504138,Božo Mišković 14512742,,"Split, Hotel Corner",90 minuta + 30 sekundi dodatka po potezu,CRO,,19.11.2023  16:15,0,52,9,9,847506,Schweizer System
"Pojedinačno Seniorsko prvenstvo Zagreba 2023,",20231106,20231115,0,Zagrebački Šahovski Savez,Krešimir Podravec,Vid Brzica,,,Masarykova 22/3 Zagreb,90 minuta + 30 sekundi,CRO,,15.11.2023  22:00,0,26,7,7,842689,Schweizer System
Svi sveti u Sesvetama - U09- šahovski turnir za djecu -,20231028,20231030,0,"ŠK Sane Chess u suradnji sa ŠK Sesvete Agroproteinka, Zagreb",Vlatko Lovrinić,"Vlado Karagić, FA",,,"Sesvete, Kelekova 2","30'+30"" - standard",CRO,,30.10.2023  19:50,0,11,7,7,831682,Schweizer System
Svi sveti u Sesvetama - U15- šahovski turnir za djecu -,20231028,20231030,0,"ŠK Sane Chess u suradnji sa ŠK Sesvete Agroproteinka, Zagreb",Vlatko Lovrinić,"Vlado Karagić, FA",,,"Sesvete, Kelekova 2","30'+30"" - standard",CRO,,30.10.2023  20:28,0,15,7,7,831676,Schweizer System
"Amaterski rejting turnir ŠK ""Crikvenica"" - listopad 2023.",20231027,20231029,0,"ŠK ""Crikvenica""",Nikola Sundać,"Nenad Jurman, DS",,"Nikola Sundać, KS","Crikvenica, Vinodolska 1",30min + 30 sec,CRO,,29.10.2023  14:32,0,14,7,7,832314,Schweizer System
VII. Otvoreno pojedinačno prvenstvo zapadne Hrvatske za mlade do 12 godina,20231021,20231022,0,ŠS Istarske županije i ŠS Primorsko - goranske županije,"Milovac, Igor (CRO) [14535661]","IA Milovac, Igor (CRO) [14535661]","NA Ghersinich, Giuseppe (ds) (CRO) [14510138]","NA Trošić, Zvonimir (žs) (CRO) [14535849]","Sportska dvorana ""Žatika"" u Poreču",30 min + 30 sek dodatka,CRO,,22.10.2023  16:02,0,15,6,6,820334,Schweizer System
VII. Otvoreno pojedinačno prvenstvo zapadne Hrvatske za mlade do 16 godina,20231021,20231022,0,ŠS Istarske županije i ŠS Primorsko - goranske županije,"Milovac, Igor (CRO) [14535661]","IA Milovac, Igor (CRO) [14535661]","NA Ghersinich, Giuseppe (ds) (CRO) [14510138]","NA Trošić, Zvonimir (žs) (CRO) [14535849]","Sportska dvorana ""Žatika"" u Poreču",30 min + 30 sek dodatka,CRO,,22.10.2023  16:17,0,20,6,6,820341,Schweizer System
"OTVORENI MEĐUNARODNI ŠAHOVSKI TURNIR 2. OPEN HVAR 2023.ARSENAL HVAR, 15.-21.10.2023.",20231015,20231021,316237,"ŠK Hvar, Hvar",Ivica Bilandžić 14597500,IA Sulejman Islamović 14516659,FA Željko Matkun 14510839,KS Pavle Palić 14515237,"HVAR, ARSENAL HVAR",90min + 30sec/move from move 1,CRO,,23.10.2023  08:49,0,104,9,9,685997,Schweizer System
XI. Memorijal Ante Krnjića- A turnir,20231014,20231015,0,Šahovski klub Križevci i Agadmator d.o.o.,Antonio Radić,"Borislav Vidović, DS","Goran Martić, ŽS","Goran Kušec, KS","Križevci, restoran Vojarna trg Svetog Florijana bb",30 minuta sa dodatkom od 30 sekundi,CRO,,15.10.2023  22:44,0,35,6,6,822536,Schweizer System
XI. Memorijal Ante Krnjića- turnir kadeta U10,20231014,20231015,0,Šahovski klub Križevci i Agadmator d.o.o.,Antonio Radić,"Borislav Vidović, DS","Goran Martić, ŽS","Goran Kušec, KS","Križevci, restoran Vojarna trg Svetog Florijana bb",30 minuta sa dodatkom od 30 sekundi,CRO,,15.10.2023  22:44,0,26,6,6,822544,Schweizer System
GUNDINCI 1998-2023 (60+3) POJEDINAČNO PRVENSTVO U STANDARDNOM ŠAHU,20230924,20231001,0,Šahovski klub Gundinci,Mirko Matić,Ivan Đančević (ŽS,Mirko Matić (ŽS),,Gundinci,60 minuta + 3 sekunde,CRO,,20.06.2024  12:28,0,22,6,6,959812,Schweizer System
II. Memorijal Darka Šveca,20230903,20230909,0,"Šahovski klub ""Silent"" -Zagreb",Cechi Goran [14503450],ds Andrija Jergović [14514168],,,,60 minta + 30 sekundi po dovršenom potezu,CRO,,14.09.2023  17:11,0,42,7,7,805119,Schweizer System
V. memorijal Stjepana Kamenečkog - kadeti do 16 godina,20230902,20230903,0,"ŠŠK koprivnica, ŠŠK Podravka, Koprivnica, ŠK Ivan Dvoržak, Rovišće-Zr. Topolovac",Josip Zadro,"Vlado Karagić, FA",,"Ivan Ramović, KS","Starigrad, Dom kulture, Krešimirova ulica 28","30'+30"" - standard",CRO,,03.09.2023  16:09,0,14,6,6,806687,Schweizer System
V. memorijal Stjepana Kamenečkog - turnir do 12 godina,20230902,20230903,0,"ŠŠK Koprivnica, ŠŠK Podravka, Koprivnica, ŠK Ivan Dvoržak, Rovišće-Zr. Topolovac",Josip Zadro,"Vlado Karagić, FA",,"Ivan Ramović, KS","Starigrad, Dom kulture, Krešimirova 28","30'+30"" - standard",CRO,,03.09.2023  16:47,0,24,6,6,806690,Schweizer System
V. memorijal Stjepana Kamenečkog - turnir do 9 godina,20230902,20230903,0,"ŠŠK Koptivnica, ŠŠK Podravka, Koprivnica, ŠK Ivan Dvoržak, Rovišće-Zr. Topolovac",Josip Zadro,"Vlado Karagić, FA",,"Ivan Ramović, KS","Starigrad, Dom kulture, Krešimirova 29","30'+30"" - standard",CRO,,03.09.2023  15:51,0,14,6,6,806696,Schweizer System
15. Open Hum na Sutli 2023Međunarodno otvoreno prvenstvo Krapinsko-zagorske županije,20230826,20230902,324311,"Šahovski klub Straža, Hum na Sutli",,"Radmila Švaljek, IA  14501759","Mirjana Medić, IA  14501619",,"Hum na Sutli, Općinska vijećnica (Dom kulture)","90 minuta po igraču + dodatak od 30 sekundi za svaki potez, počevši od prvoga",CRO,,02.09.2023  13:47,0,64,9,9,750399,Schweizer System
"1. ŠPANCIR CHESS OPEN 2023. Varaždin - A turnir, 24.08. - 27.08.2023.",20230824,20230827,337527,Šahovsko društvo Varaždin i Šahovski savez Varaždinske županije,Miroslav Smuđ,Predrag Križanić ŽS [14558327],,Mihael Vurušić KS,"Dvorana Gospodarske škole, Varaždin",60 min.+30 sek dodatka za svaki potez,CRO,,27.08.2023  15:54,0,35,7,7,791962,Schweizer System
"15. otvoreno kadetsko prvenstvo Varaždinske županije u šahu, A turnir - U16, 24.08. - 27.08.2023.",20230824,20230827,337530,Šahovsko društvo Varaždin i Šahovski savez Varaždinske županije,Miroslav Smuđ,Predrag Križanić ŽS [14558327],,Filip Križanić KS,"Dvorana Gospodarske škole, Varaždin",60 min.+30 sek dodatka za svaki potez,CRO,,27.08.2023  15:29,0,23,7,7,791965,Schweizer System
"15. otvoreno kadetsko prvenstvo Varaždinske županije u šahu, B turnir - U13, 24.08. - 27.08.2023.",20230824,20230827,337531,Šahovsko društvo Varaždin i Šahovski savez Varaždinske županije,Miroslav Smuđ,Predrag Križanić ŽS [14558327],,Filip Križanić KS,"Dvorana Gospodarske škole, Varaždin",60 min.+30 sek dodatka za svaki potez,CRO,,27.08.2023  15:51,0,46,7,7,791966,Schweizer System
"12.SPLIT OPEN: ŠAHOVSKI FESTIVAL 2023 - SPLIT, 5. - 13.08.2023  -  ""Tournament is financially supported by FIDE Open Aid Project""",20230805,20230813,330486,Šahovski klub Brda,Mateo Ivić,"IA Cvetnic, Vladimir 14516950","IA Brulic, Denis; FA Matkun, Zeljko; NA Sekelja, Marko (DS)",,"SPLIT, Put Duilova 23 - HOTEL ZAGREB",90 minuta s dodatkom od 30 sekundi po potezu počevši od prvog,CRO,,13.08.2023  15:15,0,208,9,9,719755,Schweizer System
"TREĆI MEĐUNARODNI ŠAHOVSKI TURNIR OPEN ""GRADIŠTE"" 2023. 06-12. 08.2023.",20230806,20230812,0,ŠK Slavonac Gradište,Srećko Papac,"IA Vidackovic, Branko 14509229;","Ivan Stojanović, KS",,"Gradište, Zgrada za djecu,odrasle i umirovljenike Trg Hrvatskih Velikana 36",90 minutes with 30 seconds cumulative increment for each move starting from first move,CRO,,12.08.2023  22:00,0,67,9,9,750695,Schweizer System
Pojedinačno prvenstvo Hrvatske za juniore do 17 godina,20230724,20230730,0,Hrvatski šahovski savez,Alojzije Janković,"Vladimir Cvetnić, IA","Vlado Karagić, FA","Pavo Matanović, ŽS","Split, Studentski centar Bruno Bušić, Spinutska 37","90'+30"" - standard",CRO,,30.07.2023  12:46,0,86,9,9,792169,Schweizer System
Pojedinačno prvenstvo Hrvatske za juniore do 19 godina,20230724,20230730,0,Hrvatski šahovski savez,Alojzije Janković,"Vladimir Cvetnić, IA","Vlado Karagić, FA","Pavo Matanović, ŽS","Split, Studentski centar Bruno Bušić, Spinutska 37","90'+30"" - standard",CRO,,30.07.2023  13:02,0,37,9,9,792168,Schweizer System
Pojedinačno prvenstvo Hrvatske za juniorke do 17 godina,20230724,20230730,0,Hrvatski šahovski savez,Alojzije Janković,"Vladimir Cvetnić, IA","Vlado Karagić, FA","Pavo Matanović, ŽS","Split, Studentski centar Bruno Bušić, Spinutska 37","90'+30"" - standard",CRO,,30.07.2023  12:08,0,19,9,9,792163,Schweizer System
Prvenstvo ŠK Hrvatska čitaonica za 2023.,20230708,20230723,0,ŠK Hrvatska čitaonica,Josip Martinović,IA Zdravko Birovljević,,,"Valpovo, prostorija ŠK Hrvatska čitaonica",60 minuta fiksnog vremena+30 sekundi dodatka za svaki potez,CRO,,23.07.2023  14:44,0,11,6,6,790831,Schweizer System
"Zadar Chess Festival, A-turnir, Zadar, 16.07.-23.07.2023.",20230716,20230723,0,"ŠK Casper, Zadar",Veljko Šagi [CRO] [14528762],"Krunoslav Lešić IA, IO [CRO] [14505258]","Emilia Djingarova, WGM, NA [SRB] [2903229]","Veljko Šagi, NA [CRO] [14528762] (ks), Magdalena Muha, NA [CRO] [14536757] (ks)","Zadar, Studentski dom Zadar 2, Put stanova 1a","90'+30""",CRO,,23.07.2023  14:11,0,54,9,9,719428,Schweizer System
"Zadar Chess Festival, B-turnir, Zadar, 16.07.-23.07.2023.",20230716,20230723,0,"ŠK Casper, Zadar",Veljko Šagi [CRO] [14528762],"Krunoslav Lešić IA, IO [CRO] [14505258]","Emilia Djingarova, WGM, NA [SRB] [2903229]","Veljko Šagi, NA [CRO] [14528762] (ks), Magdalena Muha, NA [CRO] [14536757] (ks)","Zadar, Studentski dom Zadar 2, Put stanova 1a","90'+30""",CRO,,23.07.2023  14:23,0,154,9,9,719431,Schweizer System
Pojedinačno juniorsko prvenstvo Koprivničko-križevačke županije za 2023- juniori,20230707,20230708,0,Šahovski savez Koprivničko-križevačke županije,Nikola Mihočka,"Borislav Vidović, DS",,,"Dom kulture, Đurđevac",30 minuta plus 30 sekundi,CRO,,08.07.2023  13:07,0,19,5,5,784109,Schweizer System
Pojedinačno juniorsko prvenstvo Koprivničko-križevačke županije za 2023- juniorke,20230707,20230708,0,Šahovski savez Koprivničko-križevačke županije,Nikola Mihočka,"Borislav Vidović, DS",,,"Dom kulture, Đurđevac",30 minuta plus 30 sekundi,CRO,,08.07.2023  14:14,0,12,5,5,784110,Schweizer System
Super United Croatian Grand Chess Tour  === Europska konferencija trenera i edukatora,20230708,20230708,0,Kasparov Chess Foundation ; Europska šahovska akademija ; Šahovski klub e4,GM Zlatko Klarić,-,,,"Hotel Westin, Krsnjavoga 1, Zagreb",-,CRO,,07.07.2023  13:47,0,142,1,0,784973,Schweizer System
"6th International Chess Amateur Tournament, ""Solta Chess Open 2023"", Grohote, 27.06.-05.07.2023.",20230627,20230705,0,"Chess Club Brda, Split","Mateo Ivic, FM [CRO] [14504146]","Mladen Bratosevic, IA [CRO] [14506203]","Krunoslav Lesic, IA [CRO] [14505258]","Ante Tomas, NA [CRO] [14530929] (ds), Jan Kozak, NA [POL] [21064369]","Solta [CRO], Grohote, House of culture","90'+30""",CRO,,05.07.2023  14:01,0,105,9,9,710588,Schweizer System
Pojedinačno kadetsko prvenstvo Hrvatske  - kadeti do 11 godina -,20230621,20230626,0,Hrvatski šahovski savez,"Ivica Brkić, 14505835","IA Vladimir Cvetnić, 14516950","IA Saša Stanković, 14511436","FA Stipe Lacmanović 14501309, DS Damir Mihalinec 14504260","Trogir, hotel ""Medena""",90 minuta + 30 sekundi dodatka za svaki potez,CRO,,27.06.2023  08:50,0,55,9,9,773825,Schweizer System
Pojedinačno kadetsko prvenstvo Hrvatske  - kadeti do 13 godina -,20230621,20230626,0,Hrvatski šahovski savez,"Ivica Brkić, 14505835","IA Vladimir Cvetnić, 14516950","IA Nenad Dorić, 14501694","IA Ivica Leaković, 14504707, IA Andrija Babić, 14507390","Trogir, hotel Medena",90 minuta + 30 sekundi dodatka za svaki potez,CRO,,26.06.2023  13:10,0,75,9,9,773839,Schweizer System
Pojedinačno kadetsko prvenstvo Hrvatske  - kadeti do 15 godina -,20230621,20230626,0,Hrvatski šahovski savez,"Ivica Brkić, 14505835","IA Vladimir Cvetnić, 14516950","IA Nenad Dorić, 14501694","IA Ivica Leaković, 14504707, IA Andrija Babić, 14507390","Trogir, hotel Medena",90 minuta + 30 sekundi dodatka za svaki potez,CRO,,26.06.2023  13:08,0,93,9,9,773837,Schweizer System
Pojedinačno kadetsko prvenstvo Hrvatske  - kadeti do 7 godina -,20230621,20230626,0,Hrvatski šahovski savez,"Ivica Brkić, 14505835","IA Vladimir Cvetnić, 14516950","IA Saša Stanković, 14511436","FA Stipe Lacmanović 14501309, DS Damir Mihalinec 14504260","Trogir, hotel ""Medena""",90 minuta + 30 sekundi dodatka za svaki potez,CRO,,26.06.2023  11:42,0,18,9,9,773835,Schweizer System
Pojedinačno kadetsko prvenstvo Hrvatske  - kadeti do 9 godina -,20230621,20230626,0,Hrvatski šahovski savez,"Ivica Brkić, 14505835","IA Vladimir Cvetnić, 14516950","IA Saša Stanković, 14511436","FA Stipe Lacmanović 14501309, DS Damir Mihalinec 14504260","Trogir, hotel ""Medena""",90 minuta + 30 sekundi dodatka za svaki potez,CRO,,27.06.2023  08:33,0,43,9,9,773833,Schweizer System
Pojedinačno kadetsko prvenstvo Hrvatske  - kadetkinje do 11 godina -,20230621,20230626,0,Hrvatski šahovski savez,"Ivica Brkić, 14505835","IA Vladimir Cvetnić, 14516950","IA Saša Stanković, 14511436","FA Stipe Lacmanović 14501309, DS Damir Mihalinec 14504260","Trogir, hotel ""Medena""",90 minuta + 30 sekundi dodatka za svaki potez,CRO,,27.06.2023  08:49,0,25,9,9,773828,Schweizer System
Pojedinačno kadetsko prvenstvo Hrvatske  - kadetkinje do 13 godina -,20230621,20230626,0,Hrvatski šahovski savez,"Ivica Brkić, 14505835","IA Vladimir Cvetnić, 14516950","IA Nenad Dorić, 14501694","IA Ivica Leaković, 14504707, IA Andrija Babić, 14507390","Trogir, hotel Medena",90 minuta + 30 sekundi dodatka za svaki potez,CRO,,26.06.2023  12:43,0,32,9,9,773840,Schweizer System
Pojedinačno kadetsko prvenstvo Hrvatske  - kadetkinje do 15 godina -,20230621,20230626,0,Hrvatski šahovski savez,"Ivica Brkić, 14505835","IA Vladimir Cvetnić, 14516950","IA Nenad Dorić, 14501694","IA Ivica Leaković, 14504707, IA Andrija Babić, 14507390","Trogir, hotel Medena",90 minuta + 30 sekundi dodatka za svaki potez,CRO,,26.06.2023  12:42,0,18,9,9,773838,Schweizer System
Pojedinačno kadetsko prvenstvo Hrvatske  - kadetkinje do 9 godina -,20230621,20230626,0,Hrvatski šahovski savez,"Ivica Brkić, 14505835","IA Vladimir Cvetnić, 14516950","IA Saša Stanković, 14511436","FA Stipe Lacmanović 14501309, DS Damir Mihalinec 14504260","Trogir, hotel ""Medena""",90 minuta + 30 sekundi dodatka za svaki potez,CRO,,27.06.2023  08:48,0,20,9,9,773834,Schweizer System
Pojedinačno prvenstvo Hrvatske za slijepe i slabovidne,20230620,20230626,0,HSSS,,Zoran Mijatović IA,,,,2h/40 poteza+30min do kraja partije,CRO,,26.06.2023  12:00,0,13,7,7,783106,Schweizer System
35th International Chess Tournament Open Pula 2023Grand Hotel Brioni(17.6.-18.6.) and Hotel Park Plaza Histria(19.06.-25.06.2023.),20230617,20230625,316234,"CC Pula, Pula",Valter Valkovic 14514931,IA Sulejman Islamovic 14516659,IA Kristian Valkovic 14513200,IA Igor Milovac 14535661; FA Zeljko Matkun 14510839; NA (ZS) Valter Valkovic 14514931,"Pula, Grand Hotel Brioni and Hotel Park Plaza Histria",90 minutes with 30 second increment from move 1,CRO,,25.06.2023  14:29,0,223,9,9,708232,Schweizer System
4. Prvenstvo Hrvatske za Veterane 2023.,20230620,20230624,0,Hrvatski šahovski savez  u suradnji sa ŠS županije Splitsko - dalmatinske,MK Mato Opačak,Branko Vidačković IA,Mato Opačak ds,,"Hotel ""Medena"" Trogir,Hrvatskih žrtava 185, Donji Seget.",30 min +30 sec dodatka za svaki izvršeni potez,CRO,,26.06.2023  05:05,0,21,7,7,767666,Schweizer System
GARESNICA OPEN 2023.,20230608,20230611,0,"SK Garešnica, Garešnica",Miroslav Horina,"IA Slavko Bejuk, (14517361)",,"KS Tomislav Horina (14528673-klubski sudac), KS Matija Đurica (14536463-klubski sudac)","Garešnica, Kajgana, Mjesni dom",90 minutes with 30 second increment from move 1,CRO,,11.06.2023  14:07,0,72,7,7,729225,Schweizer System
OTVORENO PRVENSTVO PGŽ  = 1. ZELENO–PLAVI OPEN,20230609,20230611,0,Šahovski savez PGŽ i ŠK Rijeka,Bojan Birk,"IA Birk, Bojan 14527677","Pijanovic, Dusan 14514117",,"Rijeka, Šahovski dom, Blaža Polića 2/2",60 min + 30 sec,CRO,,11.06.2023  15:03,0,14,6,6,777133,Schweizer System
OTVORENO PRVENSTVO PGŽ  = 13. KADETSKI I JUNIORSKI TURNIR „DANI SVETOGA VIDA“,20230610,20230611,0,Šahovski savez PGŽ i ŠK Rijeka,Bojan Birk,"IA Birk, Bojan 14527677","Pijanovic, Dusan 14514117",,"Rijeka, Šahovski dom, Blaža Polića 2/2",30 min + 30 sec,CRO,,11.06.2023  15:03,0,17,6,6,777134,Schweizer System
OTVORENO PRVENSTVO PGŽ  = 7. KADETSKI TURNIR „MOJ PRVI REJTING“,20230610,20230611,0,Šahovski savez PGŽ i ŠK Rijeka,Bojan Birk,"IA Birk, Bojan 14527677","Pijanovic, Dusan 14514117",,"Rijeka, Šahovski dom, Blaža Polića 2/2",30 min + 30 sec,CRO,,10.06.2023  13:35,0,13,5,5,777135,Schweizer System
Pojedinačno veteransko prvenstvo Zagreba 2023.,20230601,20230606,0,Zagrebački šahovski savez,Krešimir Podravec,Vid Brzica,,,"Masarykova 22/3, Zagreb",30 minuta + 30 sekundi,CRO,,06.06.2023  19:25,0,11,7,7,771004,Schweizer System
Pojedinačno prvenstvo Zagreba 2023. za juniore do 17 godina,20230521,20230604,0,Zagrebački šahovski savez,Krešimir Podravec,Mate Ivančić,Josip Bandur,,"Zagreb,  Dom sportova (dvorana za šah i bridge)",30min+30sek po potezu,CRO,,04.06.2023  17:45,0,24,9,9,768647,Schweizer System
Rejting turnir početnika ŠK KriževciU09,20230519,20230521,,ŠK Križevci,Igor Kudeljnjak,Borislav Vidović,,,"Križevci, prostorija kluba, Potočka 26",30 minuta plus 30 sekundi dodatka,CRO,,20.05.2023  12:18,0,10,6,6,767286,Schweizer System
Rejting turnir početnika ŠK KriževciU12,20230519,20230521,,ŠK Križevci,Igor Kudeljnjak,Borislav Vidović,,,"Križevci, prostorija kluba, Potočka 26",30 minuta plus 30 sekundi dodatka,CRO,,20.05.2023  12:19,0,8,6,6,767287,Schweizer System
Pojedinačno prvenstvo Zagreba 2023. za kadete do 11 godina,20230423,20230507,,Zagrebački šahovski savez,Krešimir Podravec,Mate Ivančić,Josip Bandur,"Slobodan Barkidžija KS, Borislav Ranogajec KS","Zagreb,  Dom sportova (dvorana za šah i bridge)",30min+30sek po potezu,CRO,,07.05.2023  14:26,0,33,9,9,754949,Schweizer System
Pojedinačno prvenstvo Zagreba 2023. za kadete do 9 godina,20230423,20230507,,Zagrebački šahovski savez,Krešimir Podravec,Mate Ivančić,Josip Bandur,"Sloboan Barkidžija KS, Borislav Ranogajec KS","Zagreb,  Dom sportova (dvorana za šah i bridge)",30min+30sek po potezu,CRO,,07.05.2023  14:30,0,28,9,9,754948,Schweizer System
Pojedinačno prvenstvo Zagreba 2023. za kadetkinje do 11 godina,20230423,20230507,,Zagrebački šahovski savez,Krešimir Podravec,Mate Ivančić,Josip Bandur,"Slobodan Barkidžija KS, Borislav Ranogajec KS","Zagreb,  Dom sportova (dvorana za šah i bridge)",30min+30sek po potezu,CRO,,07.05.2023  14:45,0,13,9,9,755876,Schweizer System
Pojedinačno prvenstvo Zagreba za kadete do 7 godina 2023.,20230423,20230507,,Zagrebački šahovski savez,Krešimir Podravec,Vid Brzica,,,"Masarykova 22/3, Zagreb",30 minuta + 30 sekundi,CRO,,07.05.2023  11:02,0,11,9,9,756132,Schweizer System
Pojedinačno prvenstvo Zagreba 2023. za kadete do 13 godina,20230422,20230506,,Zagrebački šahovski savez,Krešimir Podravec,Mate Ivančić,Josip Bandur,,"Zagreb,  Dom sportova (dvorana za šah i bridge)",30min+30sek po potezu,CRO,,06.05.2023  15:39,0,46,9,9,754950,Schweizer System
Pojedinačno prvenstvo Zagreba 2023. za kadete do 15 godina,20230422,20230506,,Zagrebački šahovski savez,Krešimir Podravec,Mate Ivančić,Josip Bandur,,"Zagreb,  Dom sportova (dvorana za šah i bridge)",30min+30sek po potezu,CRO,,06.05.2023  15:47,0,38,9,9,754953,Schweizer System
"“VRSAR OPEN 2023""",20230425,20230501,,,"Lovrinić, Vlatko (CRO) [14574713]","IA Dorić, Nenad (CRO) [14501694]",,,"Vrsar (CRO), Sportska dvorana Saline",90 minutes with 30 second increment from move 1,CRO,,01.05.2023  13:35,0,36,9,9,734526,Schweizer System
Otvoreno kadetsko prvenstvo Dubrovnika 2023,20230428,20230430,,Šahovski klub Dubrovnik,Vlaho Zlošilo,Predrag Zerdo,,,"Dubrovnik, Liechtensteinov put 12",30' + 30'',CRO,,30.04.2023  17:23,0,23,7,7,759274,Schweizer System
Ivanečki vitezovi 2023 - A turnir,20230224,20230428,,Šahovski klub Ivanec,Željko Črepinko,"Križanić Predrag, županijski sudac",,,Horvatsko kod Ivanca,30 min + 30 sek,CRO,,28.04.2023  21:19,0,27,6,6,732259,Schweizer System
Ivanečki vitezovi 2023 - B turnir,20230224,20230428,,Šahovski klub Ivanec,Željko Črepinko,"Križanić Predrag, županijski sudac",,"Hojsak Mladen, klupski sudac",Horvatsko kod Ivanca,30 min + 30 sek,CRO,,28.04.2023  20:50,0,23,6,6,732257,Schweizer System
24. prvenstvo mladih OBŽ - kadetski turnir do 11 godina,20230421,20230423,,,Renato Vince,"Zdravko Birovljević, IA","Renato Vince, DS","Andrej Meško, KS","Valpovo, hotel ""Villa Valpovo""",30 minuta fiksnog vremena + dodatak od 30 sekundi za svaki potez,CRO,,23.04.2023  19:35,0,36,9,9,754837,Schweizer System
24. prvenstvo mladih OBŽ _  juniorsko prvenstvo,20230421,20230423,,,Renato Vince,"Zdravko Birovljević, IA","Renato Vince, DS","Andrej Meško, KS","Valpovo, hotel ""Villa Valpovo""",30 minuta fiksnog vremena + dodatak od 30 sekundi za svaki potez,CRO,,23.04.2023  19:35,0,12,9,9,754832,Schweizer System
24. prvenstvo mladih OBŽ _ kadetski turnir do 15 godina,20230421,20230423,,,Renato Vince,"Zdravko Birovljević, IA","Renato Vince, DS","Andrej Meško, KS","Valpovo, hotel ""Villa Valpovo""",30 minuta fiksnog vremena + dodatak od 30 sekundi za svaki potez,CRO,,23.04.2023  19:35,0,41,9,9,754835,Schweizer System
Kadetsko prvenstvo Koprivničko-križevačke županije za 2023-kadeti do 11 godina,20230422,20230423,,Šahovski savez Koprivničko-križevačke županije,Nikola Mihočka,"Borislav Vidović, DS","Goran Martić, ŽS","Ivan Baruškin, ŽS Petrica Koštić, KS","Starigrad, Društveni dom",30 minuta plus 30 sekundi,CRO,,23.04.2023  15:10,0,13,5,5,748295,Schweizer System
Kadetsko prvenstvo Koprivničko-križevačke županije za 2023-kadeti do 13 godina,20230422,20230423,,Šahovski savez Koprivničko-križevačke županije,Nikola Mihočka,"Borislav Vidović, DS","Goran Martić, ŽS","Ivan Baruškin, ŽS Petrica Koštić, KS","Starigrad, Društveni dom",30 minuta plus 30 sekundi,CRO,,23.04.2023  15:15,0,12,5,5,748289,Schweizer System
Kadetsko prvenstvo Koprivničko-križevačke županije za 2023-kadeti do 9 godina,20230422,20230423,,Šahovski savez Koprivničko-križevačke županije,Nikola Mihočka,"Borislav Vidović, DS","Goran Martić, ŽS","Ivan Baruškin, ŽS Petrica Koštić, KS","Starigrad, Društveni dom",30 minuta plus 30 sekundi,CRO,,23.04.2023  15:06,0,10,5,5,748321,Schweizer System
Kadetsko prvenstvo Koprivničko-križevačke županije za 2023-kadetkinje do 11 godina,20230422,20230423,,Šahovski savez Koprivničko-križevačke županije,Nikola Mihočka,"Borislav Vidović, DS","Goran Martić, ŽS","Ivan Baruškin, ŽS Petrica Koštić, KS","Starigrad, Društveni dom",30 minuta plus 30 sekundi,CRO,,23.04.2023  15:12,0,11,5,5,748305,Schweizer System
Varaždinsko proljeće 2023 - B turnir U16,20230413,20230415,,ŠD Varaždin,Miroslav Smuđ,Miroslav Smuđ žs,,Vladimir Hanjš ds,Varaždin,30'+30'' zasvaki odigrani potez,CRO,,16.04.2023  23:11,0,23,6,6,736093,Schweizer System
Varaždinsko proljeće 2023 - C turnir U12,20230413,20230415,,ŠD Varaždin,Miroslav Smuđ,Miroslav Smuđ žs,,Pavlović Franjo žs,Varaždin,30'+30'' zasvaki odigrani potez,CRO,,16.04.2023  23:10,0,33,6,6,736095,Schweizer System
Varaždinsko proljeće 2023 - E turnir seniori,20230413,20230415,,ŠD Varaždin,Miroslav Smuđ,Miroslav Smuđ,,Predrag Križanić,Varaždin,30'+30'' zasvaki odigrani potez,CRO,,16.04.2023  23:11,0,25,6,6,736102,Schweizer System
Kadetsko prvenstvo ŠK Knez Mislav Podstrana,20230411,20230413,,ŠK Knez Mislav,Mario Tomasović,Ivo Ivanković,,,Strožanac,30 + 30,CRO,,13.04.2023  11:01,0,14,9,9,752184,Schweizer System
"PRVENSTVO ŠIBENIKA 2023-""B"" Turnir",20230213,20230313,,"ŠK""ŠIBENIK"", suorganizatori: ŠSŽŠK, Mireo d.o.o., NP KRKA",Miro Tesla,"Stipe Lacmanović, FA",,,Šibenik,90 min. za cijelu partiju plus 30. sec. za svaki odigrani potez,CRO,,14.03.2023  13:34,0,26,9,9,729042,Schweizer System
"Pojedinačno kadetsko i juniorsko prvenstvo VSŽ 2023., Kadeti (U16),Štitar, 11.-12.03.2023.",20230311,20230312,,"ŠS VSŽ i ŠK Šahovski centar Nexus, Županja","Krunoslav Lešić, IO, IA [14505258]","Krunoslav Lešić, IA, IO [14505258]","Ivan Dujić, NA [14574829], županijski sudac","Sanja Konjević, NA [14593076], klupski sudac","Štitar, Dom kulture, J. J. Strossmayera 36","30'+30""",CRO,,12.03.2023  14:30,0,22,6,6,738032,Schweizer System
"Pojedinačno kadetsko i juniorsko prvenstvo VSŽ 2023., Mlađi kadeti (U12),Štitar, 11.-12.03.2023.",20230311,20230312,,"ŠS VSŽ i ŠK Šahovski centar Nexus, Županja","Krunoslav Lešić, IO, IA [14505258]","Krunoslav Lešić, IA, IO [14505258]","Ivan Dujić, NA [14574829], županijski sudac","Sanja Konjević, NA [14593076], klupski sudac","Štitar, Dom kulture, J. J. Strossmayera 36","30'+30""",CRO,,12.03.2023  14:17,0,40,6,6,738031,Schweizer System
"Otvoreno pojedinačno prvenstvo ŠK ""Crikvenica""",20230220,20230307,,"ŠK ""Crikvenica""",Nikola Sundać,Nenad Jurman,,,"Crikvenica, Vinodolska 1",60 min + 30 sec,CRO,,17.03.2023  17:00,0,16,7,7,729822,Schweizer System
"4. Međunarodni šahovski festival mladih ŠS VSŽ- Open U12,Štitar, 04.03.-05.03.2023.",20230304,20230305,,"ŠS VSŽ i ŠK Šahovski centar Nexus, Županja","Krunoslav Lešić, IO, IA [14505258]","Krunoslav Lešić, IA, IO [14505258]","Ivan Dujić, NA [14574829], županijski sudac","Sanja Konjević, NA [14593076], klupski sudac","Štitar, Dom kulture","60'+30""",CRO,,05.03.2023  17:22,0,46,6,6,724593,Schweizer System
"4. Međunarodni šahovski festival mladih ŠS VSŽ- Open U16,Štitar, 04.03.-05.03.2023.",20230304,20230305,,"ŠS VSŽ i ŠK Šahovski centar Nexus, Županja","Krunoslav Lešić, IO, IA [14505258]","Krunoslav Lešić, IA, IO [14505258]","Ivan Dujić, NA [14574829], županijski sudac","Sanja Konjević, NA [14593076], klupski sudac","Štitar, Dom kulture","60'+30""",CRO,,05.03.2023  18:26,0,34,6,6,724594,Schweizer System
Pojedinačno prvenstvo Šahovskog kluba Petar Sedlar Pepe 2023,20230212,20230303,,Šahovski klub Petar Sedlar Pepe,Ivica Brkić 14505835,Ivo Ivanković 14504138,,,Kaštel Novi,90 minuta za partiju + 30 sekundi po odigranom potezu,CRO,,03.03.2023  19:47,0,14,9,9,733336,Schweizer System
"IX Memorijal ""Nereo Butković""",20230130,20230227,,ŠK.Pula,Valter Valković,Zoran Mijatović IA,Valter Valković NA (ŽS),,Pula,90min+30sec/move,CRO,,27.02.2023  22:06,0,21,9,9,719450,Schweizer System
ZATVORENO SENIORSKO ŠAHOVSKO PRVENSTVO VSŽ ZA 2023. GODINU,20230224,20230226,,ŠS VSŠ I ŠK Komletinci,Mato Carić,"Anto Majić, FA",,,"Komletinci, sala DVD-a, Josipa Kozarca 53A",30 min. fiksnog vremena po igraču + dodatak od 30 sec. za svaki završeni potez počevši od prvoga,CRO,,26.02.2023  12:35,0,33,7,7,724292,Schweizer System
ZATVORENO SENIORSKO ŠAHOVSKO PRVENSTVO VSŽ ZA 2023. GODINU,20230224,20230226,,ŠS VSŠ I ŠK Komletinci,Mato Carić,"Anto Majić, FA",,,"Komletinci, sala DVD-a, Josipa Kozarca 53A",30 min. fiksnog vremena po igraču + dodatak od 30 sec. za svaki završeni potez počevši od prvoga,CRO,,27.02.2023  09:18,0,33,7,7,735072,Schweizer System
2. Otvoreno prvenstvo ŠK Brda,20230219,20230225,,ŠK Brda Split,Mateo Ivić,Vladimir Cvetnić IA,Mateo Ivić KS,,"Split, Šimićeva 52",90 minuta + 30 sekundi za svaki odigrani potez,CRO,,25.02.2023  20:28,0,29,7,7,717763,Schweizer System
Pojedinačno kadetsko prvenstvo Zagrebačke županije za 2023 U11 M,20230218,20230219,,ŠK Polet Buševec,Kos Bruno,Kos Bruno ks,Zlatko Rožić žs,Marijan Rožić ks,"ŠK Polet Buševec Zvrnik1 ,Buševec",30 min + 30 sec/pot,CRO,,18.02.2023  14:04,0,12,5,5,726374,Schweizer System
Pojedinačno kadetsko prvenstvo Zagrebačke županije za 2023 U11 Ž,20230218,20230219,,ŠK Polet Buševec,Kos Bruno,Kos Bruno ks,Zlatko Rožić žs,Marijan Rožić ks,"ŠK Polet Buševec Zvrnik1 ,Buševec",30 min + 30 sec/pot,CRO,,18.02.2023  14:17,0,8,5,5,726375,Schweizer System
Pojedinačno kadetsko prvenstvo Zagrebačke županije za 2023 U13 M,20230218,20230219,,ŠK Polet Buševec,Kos Bruno,Kos Bruno ks,Zlatko Rožić žs,Marijan Rožić ks,"ŠK Polet Buševec Zvrnik1 ,Buševec",30 min + 30 sec/pot,CRO,,18.02.2023  19:29,0,20,5,5,726372,Schweizer System
Pojedinačno kadetsko prvenstvo Zagrebačke županije za 2023 U13 Ž,20230218,20230219,,ŠK Polet Buševec,Kos Bruno,Kos Bruno ks,Zlatko Rožić žs,Marijan Rožić ks,"ŠK Polet Buševec Zvrnik1 ,Buševec",30 min + 30 sec/pot,CRO,,19.02.2023  12:10,0,7,5,5,726373,Schweizer System
Pojedinačno kadetsko prvenstvo Zagrebačke županije za 2023 U15 M,20230218,20230219,,ŠK Polet Buševec,Kos Bruno,Kos Bruno ks,Zlatko Rožić žs,Marijan Rožić ks,"ŠK Polet Buševec Zvrnik1 ,Buševec",30 min + 30 sec/pot,CRO,,19.02.2023  14:38,0,16,5,5,726370,Schweizer System
Pojedinačno seniorsko  prvenstvo ŠK Križevci za 2023. godinu,20230204,20230219,,Šahovski klub Križevci,Borislav Vidović,"Goran Martić, ŽS",,,"Križevci, prostorija Kluba",60. minuta plus 30 sekundi,CRO,,19.02.2023  12:19,0,9,6,6,719765,Schweizer System
Prvenstvo PGŽ za 2023.g. -  Kadeti i kadetkinje do 11 god,20230218,20230219,,ŠK Rijeka i ŠSPGŽ,Ivan Mandekić,"IA Birk, Bojan 14527677","NA Pijanovic, Dusan 14514117",,Rijeka,30 min + 30 sec,CRO,,19.02.2023  13:35,0,11,6,6,730917,Schweizer System
Prvenstvo PGŽ za 2023.g. -  Kadeti i kadetkinje do 13 god,20230218,20230219,,ŠK Rijeka i ŠSPGŽ,Ivan Mandekić,"IA Birk, Bojan 14527677","NA Pijanovic, Dusan 14514117",,Rijeka,30 min + 30 sec,CRO,,19.02.2023  13:07,0,8,6,6,730916,Schweizer System
Prvenstvo PGŽ za 2023.g. -  Kadeti i kadetkinje do 15 god,20230218,20230219,,ŠK Rijeka i ŠSPGŽ,Ivan Mandekić,"IA Birk, Bojan 14527677","NA Pijanovic, Dusan 14514117",,Rijeka,60 min + 30 sec,CRO,,19.02.2023  14:10,0,8,5,5,730915,Schweizer System
Prvenstvo Istarske županije za kadete do  9 godina za 2023. godinu,20230205,20230212,,Šahovski savez Istarske županije,"NA Valković, Valter [14514931]","IA Milovac, Igor [14535661]","NA (žs) Valković, Valter [14514931]",,Vodnjan,30 min + 30 sec per move,CRO,,12.02.2023  13:55,0,8,6,6,725882,Schweizer System
Prvenstvo Istarske županije za kadete do 11 godina za 2023. godinu,20230205,20230212,,Šahovski savez Istarske županije,"NA Valković, Valter [14514931]","IA Milovac, Igor [14535661]","NA (žs) Valković, Valter [14514931]",,Vodnjan,30 min + 30 sec per move,CRO,,12.02.2023  13:23,0,8,6,6,725888,Schweizer System
Prvenstvo Istarske županije za kadete do 13 godina za 2023. godinu,20230205,20230212,,Šahovski savez Istarske županije,"NA Valković, Valter [14514931]","IA Milovac, Igor [14535661]","NA (žs) Valković, Valter [14514931]",,Vodnjan,30 min + 30 sec per move,CRO,,12.02.2023  19:13,0,7,5,5,725896,Schweizer System
Prvenstvo PGŽ za 2023.g. -  Juniori i juniorke,20230211,20230212,,ŠK Rijeka i ŠSPGŽ,Ivan Mandekić,"IA Birk, Bojan 14527677","NA Pijanovic, Dusan 14514117",,Rijeka,60 min + 30 sec,CRO,,12.02.2023  17:52,0,13,6,6,727539,Schweizer System
"Pojedinačno kadetsko i juniorsko prvenstvo ŠZŽI za 2023.-/M12/,Štitar, 28.-29.01.2023.",20230128,20230129,,"ŠK Šahovski centar Nexus, Županja","Krunoslav Lešić, IA, IO [14505258]","Krunoslav Lešić, IA [14505258]","Anto Majić, FA [14522411]","Ivan Dujić, NA [14574829] (ks), Ivan Đančević, NA [14522799] (žs)","Štitar, Dom kulture, J. J. Strossmayera 36","60'+30""",CRO,,29.01.2023  17:17,0,50,6,6,717580,Schweizer System
"Pojedinačno kadetsko i juniorsko prvenstvo ŠZŽI za 2023.-/M16/,Štitar, 28.-29.01.2023.",20230128,20230129,,"ŠK Šahovski centar Nexus, Županja","Krunoslav Lešić, IA, IO [14505258]","Krunoslav Lešić, IA [14505258]","Anto Majić, FA [14522411]","Ivan Dujić, NA [14574829] (ks), Ivan Đančević, NA [14522799] (žs)","Štitar, Dom kulture, J. J. Strossmayera 36","60'+30""",CRO,,30.01.2023  00:01,0,38,6,6,717243,Schweizer System
"Pojedinačno kadetsko i juniorsko prvenstvo ŠZŽI za 2023.-/U20/,Štitar, 28.-29.01.2023.",20230128,20230129,,"ŠK Šahovski centar Nexus, Županja","Krunoslav Lešić, IA, IO [14505258]","Krunoslav Lešić, IA [14505258]","Anto Majić, FA [14522411]","Ivan Dujić, NA [14574829] (ks), Ivan Đančević, NA [14522799] (žs)","Štitar, Dom kulture, J. J. Strossmayera 36","60'+30""",CRO,,29.01.2023  17:10,0,15,6,6,718629,Schweizer System
"Pojedinačno kadetsko i juniorsko prvenstvo ŠZŽI za 2023.-/Ž12/,Štitar, 28.-29.01.2023.",20230128,20230129,,"ŠK Šahovski centar Nexus, Županja","Krunoslav Lešić, IA, IO [14505258]","Krunoslav Lešić, IA [14505258]","Anto Majić, FA [14522411]","Ivan Dujić, NA [14574829] (ks), Ivan Đančević, NA [14522799] (žs)","Štitar, Dom kulture, J. J. Strossmayera 36","60'+30""",CRO,,29.01.2023  15:00,0,24,6,6,718626,Schweizer System
"Pojedinačno kadetsko i juniorsko prvenstvo ŠZŽI za 2023.-/Ž16/,Štitar, 28.-29.01.2023.",20230128,20230129,,"ŠK Šahovski centar Nexus, Županja","Krunoslav Lešić, IA, IO [14505258]","Krunoslav Lešić, IA [14505258]","Anto Majić, FA [14522411]","Ivan Dujić, NA [14574829] (ks), Ivan Đančević, NA [14522799] (žs)","Štitar, Dom kulture, J. J. Strossmayera 36","60'+30""",CRO,,29.01.2023  16:32,0,20,6,6,718627,Schweizer System
11. open KrapinaOtvoreno prvenstvo grada Krapine,20230113,20230115,,Šahovski klub Krapina,Mirjana Medić,Mirjana Medić IA (14501619),Radmila Švaljek IA (14501759),,Krapina,60 minuta + 30 sekundi,CRO,,16.01.2023  17:31,0,69,7,7,706658,Schweizer System
"MEĐUNARODNI OTVORENI ŠAHOVSKI TURNIR ""27th Open BOŠNJACI"", 03-09.01.2023",20230103,20230109,,Chess club Bosnjaci Bošnjaci,Luka Golubičić,"Branko Vidačković, IA 14509229","Babic, Andrija, IA 14507390",Adam Ilišević KS 14509954,"Kino dvorana dom kulture, Bošnjaci",90 minutes with 30 seconds cumulative increment for each move starting from first move,CRO,,09.01.2023  14:07,0,122,9,9,686483,Schweizer System
13. TOP 10 KADETA ŠK RIJEKA,20230106,20230108,,Chess Club Rijeka,"Zelenika, Srdjan 14501350","FA Birk, Bojan 14527677","Pijanovic, Dusan 14514117",,"Rijeka, Šahovski dom, Blaža Polića 2/2",60 min + 30 sec,CRO,,08.01.2023  14:25,0,10,6,6,714970,Schweizer System
"6. OTVORENI TURNIR ""RABAC OPEN 2023.""",20230102,20230108,,ŠK Sveta Nedjelja,"Radalj, Ante","IA Dorić, Nenad (CRO) [14501694]","DS Mihalinec, D. (CRO) [14504260]",,"Rabac (CRO), Hotel Valamar Sanfior",90 minuta po igraču + 30 sekundi dodatka za svaki potez,CRO,,08.01.2023  13:05,0,71,9,9,686034,Schweizer System
Pojedinačno seniorsko prvenstvo KC-KŽ županije za 2023. godinu-muškarci,20230106,20230108,,"Šahovski savez Koprivničko-križevačke županije, Koprivnica",Nikola Mihočka,Borislav Vidović DS,,,"prostorija kina, Sveti Ivan Žabno",90 minuta plus 30 sekundi,CRO,,08.01.2023  17:11,0,25,6,6,714230,Schweizer System
Otvoreno juniorsko prvenstvo ŠK Kastav,20230103,20230105,,ŠK Kastav,Eduard Piacun,"Res, Dalibor 14510928 DS",,,"Kastav, Rubeši 65",30 min + 30 sek/potez,CRO,,05.01.2023  20:34,0,10,6,6,714727,Schweizer System
POJEDINAČNO SENIORSKO PRVENSTVO BRODSKO-POSAVSKEŽUPANIJE U STANDARDNOM ŠAHU - PROSINAC 2022.,20221228,20221230,,"Šahovski savez Brodsko-posavske županije i ŠK ""Đuro Đaković"" Slavonski Brod",Zlatko Martić,Ivan Đančević (ŽS),,"Đuro Kokanović (KS), Zlatko Martić (KS)",Slavonski Brod,90 minuta + 30 sekundi,CRO,,30.12.2022  19:49,0,27,6,6,709111,Schweizer System
60. pojedinačno prvenstvo grada Dubrovnika u šahu - Dubrovnik 2022,20221227,20221229,,"ŠK Dubrovnik, Dubrovnik",Vlaho Zlošilo (CRO) [79306012],IA Sulejman Islamović (CRO) [14516659],KS Predrag Zerdo [14586304],,"Dubrovnik, Prostorije Kluba u Gospinom polju",Svi potezi u 30 min + 30 sec po potezu,CRO,,29.12.2022  21:06,0,17,6,6,708275,Schweizer System
"Kadetsko prvenstvo ŠK Šahovski centar Nexus 2022._U12,Županja, 28.-29.12.2022.",20221228,20221229,,ŠK Šahovski centar Nexus,"Krunoslav Lešić, IA, IO [CRO] [14505258]","Krunoslav Lešić, IA, IO [CRO] [14505258]","Borna Stjepić [CRO] [14580810], klupski sudac",,,"30'+30""",CRO,,29.12.2022  12:16,0,10,6,6,713232,Schweizer System
Pojedinačno seniorsko prvenstvo Zagreba 2022.,20221207,20221221,,Zagrebački šahovski savez,Krešimir Podravec,Vid Brzica,,,"Zagrebački šahovski savez, Masarykova 22/3, Zagreb",90 minuta + 30 sekundi,CRO,,22.12.2022  22:53,0,30,7,7,703230,Schweizer System
Brzopotezno prvenstvo Zadarske zupanije 2022,20221217,20221219,,Sahovski savez Zadarske zupanije,Veljko Sagi,Veljko Sagi,,Veljko Sagi,Zadar,60+30,CRO,,16.12.2022  22:33,0,16,9,9,709637,Schweizer System
Treće  prvenstvo Šahovskog kluba Brestovac 2022,20221107,20221219,,"Šahovski klub  Brestovac, Brestovac ,Tehnička podrška ŠK Ruščica",Pejo Martić,"Mato Opačak, državni sudac",Pejo Martić,,Šahovski klub Brestovac Požeška 45. Brestovac,30 minuta + dodatak 30 sekundi po odigranom ptezu,CRO,,20.12.2022  09:44,0,16,7,7,693825,Schweizer System
Pojedinačno prvenstvo Županije Splitsko-dalmatinske u šahu za 2022 godinu,20221211,20221218,,Šahovski savez Županije Splitsko-dalmatinske,Ivica Brkić,Vladimir Cvetnić IA,Božo Mišković NA (KS),,Split,90 minuta uz dodatak od 30 sekundi po svakom odigranom potezu,CRO,,18.12.2022  14:59,0,31,9,9,699243,Schweizer System
25 Božićni  Cro -rejtingirani turnir 2022.,20221104,20221216,,"Šahovski klub Ruščica, RUŠČICA",Antun Rakić,"Mato Opačak, državni sudac (14503026)","Dragan Pavić, županijski sudac (14519550",,Šah klub Ruščica Ivane Brlić Mažuranić 3.,30 minuta + dodatak 30 sekundi po odigranom potezu,CRO,,18.12.2022  06:01,0,24,7,7,692305,Schweizer System
"1. Međunarodno šahovsko prvenstvo za kadetkinje /U12/ ŠS VSŽ 2022.,Županja, 03.-04.12.2022.",20221203,20221204,,ŠS VSŽ i ŠK Šahovski centar Nexus,"Krunoslav Lešić, IA, IO [CRO] [14505258]","Krunoslav Lešić, IA, IO [CRO] [14505258]","Borna Stjepić, NA [CRO] [14580810], (ks)","Ivan Dujić, NA [CRO] [14574829], (ks)","Županja, restoran Paradise in Slavonia, J. J. Strossmayera 26","30'+30""",CRO,,04.12.2022  13:54,0,21,6,6,697345,Schweizer System
"1. Međunarodno šahovsko prvenstvo za žene ŠS VSŽ 2022.,Županja, 03.-04.12.2022.",20221203,20221204,,ŠS VSŽ i ŠK Šahovski centar Nexus,"Krunoslav Lešić, IA, IO [CRO] [14505258]","Krunoslav Lešić, IA, IO [CRO] [14505258]","Borna Stjepić, NA [CRO] [14580810], (ks)","Ivan Dujić, NA [CRO] [14574829], (ks)","Županja, restoran Paradise in Slavonia, J. J. Strossmayera 26","60'+30""",CRO,,04.12.2022  16:17,0,14,5,5,697339,Schweizer System
Sesvete 2022. - V. otvoreni kadetski i juniorski šahovski turnir - kadeti do 13 godina,20221203,20221204,,"Šahovski klub ""Sesvete - Agroproteinka"", Sesvete",Radoslav Dumančić,"Igor Milovac, IA","Predrag Križanić, ŽS",,"Gimnazija Sesvete, Bistrička 7, Sesvete","30' + 30""",CRO,,04.12.2022  16:07,0,21,6,6,677705,Schweizer System
Sesvete 2022. - V. otvoreni kadetski i juniorski šahovski turnir - kadeti do 15 godina,20221203,20221204,,"Šahovski klub ""Sesvete - Agroproteinka"", Sesvete",Radoslav Dumančić,"Igor Milovac, IA","Predrag Križanić, ŽS",,"Gimnazija Sesvete, Bistrička 7, Sesvete","30' + 30""",CRO,,04.12.2022  15:53,0,17,6,6,677706,Schweizer System
Sesvete 2022. - V. otvoreni kadetski i juniorski šahovski turnir -juniori do 19 godina,20221203,20221204,,"Šahovski klub ""Sesvete - Agroproteinka"", Sesvete",Radoslav Dumančić,Jergović Andrija [14514168],,,"Gimnazija Sesvete, Bistrička 7, Sesvete","30' + 30""",CRO,,04.12.2022  15:59,0,16,6,6,678324,Schweizer System
Sesvete 2022. - V. otvoreni kadetski i juniorski šahovski turnir- kadeti do 11 godina,20221203,20221204,,"Šahovski klub „Sesvete – Agroproteinka“, Sesvete",Radoslav Dumančić,"Vlado Karagić, FA","Miroslav Smuđ, ŽS",,"Gimnazija Sesvete, Bistrička 7, Sesvete","30'+30"" - standard",CRO,,04.12.2022  15:20,0,21,6,6,677677,Schweizer System
Sesvete 2022. - V. otvoreni kadetski i juniorski šahovski turnir- kadeti do 9 godina,20221203,20221204,,"Šahovski klub „Sesvete – Agroproteinka“, Sesvete",Radoslav Dumančić,"Vlado Karagić, FA","Klara Krmpotić, KS",,"Gimnazija Sesvete, Bistrička 7, Sesvete","30'+30"" - standard",CRO,,04.12.2022  19:05,0,35,6,6,677668,Schweizer System
"22. Memorijal ""Milan Kuzmanović""",20221104,20221202,,ŠK.Pula,Valter Valković,Kristian Valković IA,Valter Valković NA(žs),,Pula,90 min+30 sec/move,CRO,,02.12.2022  21:43,0,20,9,9,692291,Schweizer System
"18_kadetski šahovski turnir""Iovallium""",20221125,20221127,,ŠS OBŽ,Renato Vince,IA Zdravko Birovljević (14520028),DS Renato Vince (14518600),KS Andrej Meško (14510553),Valpovo_hotel Villa Valpovo,30 minuta fiksnog vremena+30 sekundi dodatka za svaki potez,CRO,,27.11.2022  13:13,0,65,7,7,697604,Schweizer System
8_Turnir nada OBŽ,20221126,20221126,,ŠS OBŽ; ŠK Hrvatska čitaonica,Damir Meško,Josip Jurman,Darko Skelac,,,Bez uporabe sata,CRO,,27.11.2022  10:06,0,15,5,5,701491,Schweizer System
Kadetsko prvenstvo Zadarske zupanije 2022.,20221119,20221119,,Sahovski savez Zadarske zupanije,Veljko Sagi,Veljko Sagi,,Veljko Sagi,Zadar,30+30,CRO,,21.11.2022  12:07,0,12,6,6,698677,Schweizer System
"Kadetsko prvenstvo Zadarske zupanije 2022. U12, U10",20221119,20221119,,Sahovski savez Zadarske zupanije,Veljko Sagi,Veljko Sagi,,Veljko Sagi,Zadar,30+30,CRO,,21.11.2022  12:07,0,16,6,6,698678,Schweizer System
Kadetsko prvenstvo Zadarske zupanije 2022. U8,20221119,20221119,,Sahovski savez Zadarske zupanije,Veljko Sagi,Veljko Sagi,,Veljko Sagi,Zadar,30+30,CRO,,21.11.2022  12:07,0,19,6,6,698679,Schweizer System
VI. Otvoreno pojedinačno prvenstvo zapadne Hrvatske za mlade do 12 godina,20221106,20221113,,ŠS Istarske županije i ŠS Primorsko - goranske županije,"IA Birk, Bojan (CRO) [14527677]","IA Milovac, Igor (CRO) [14535661]","IA Birk, Bojan (CRO) [14527677]","NA (DS) Pijanović, Dušan (CRO) [14514117], NA (KS) Trošić, Zvonimir (CRO) [14535849]","Rijeka, Vodnjan",30 min + 30 sek dodatka,CRO,,13.11.2022  16:29,0,28,6,6,661952,Schweizer System
VI. Otvoreno pojedinačno prvenstvo zapadne Hrvatske za mlade do 16 godina,20221106,20221113,,ŠS Istarske županije i ŠS Primorsko - goranske županije,"IA Birk, Bojan (CRO) [14527677]","IA Milovac, Igor (CRO) [14535661]","IA Birk, Bojan (CRO) [14527677]","NA (DS) Pijanović, Dušan (CRO) [14514117], NA (KS) Trošić, Zvonimir (CRO) [14535849]","Rijeka, Vodnjan",30 min + 30 sek dodatka,CRO,,13.11.2022  17:19,0,21,6,6,661955,Schweizer System
X. Memorijal Ante Krnjića U09-turnir,20221029,20221030,,"ŠK Križevci, Agadmator d.o.o. Križevci",Antonio Radić,Borislav Vidović DS,Goran Martić ŽS,Goran Kušec KS,"Križevci, hotel Kalnik Trg Svetog Florijana 15",30 minuta plus 30 sekundi,CRO,,30.10.2022  17:07,0,22,6,6,674889,Schweizer System
X. Memorijal Ante KrnjićaA-turnir,20221029,20221030,,"ŠK Križevci, Agadmator d.o.o. Križevci",Antonio Radić,Borislav Vidović DS,Goran Martić ŽS,Goran Kušec KS,"Križevci, hotel Kalnik Trg Svetog Florijana 15",30 minuta plus 30 sekundi,CRO,,30.10.2022  17:47,0,56,6,6,674899,Schweizer System
"OTVORENI MEĐUNARODNI ŠAHOVSKI TURNIR 1. OPEN HVAR 2022.ARSENAL HVAR, 8.-14.10.2022.",20221008,20221014,,"ŠK Hvar, Hvar",Ivica Bilandžić 14597500,IA Sulejman Islamović 14516659,DS Željko Matkun 14510839,KS Pavle Palić 14515237,"HVAR, ARSENAL HVAR",90min + 30sec/move from move 1,CRO,,19.10.2022  10:35,0,63,9,9,606195,Schweizer System
IV. memorijal Stjepana Kamenečkog - kadeti do 12 godina,20220917,20220918,,"ŠŠK Podravka, ŠŠK Koprivnica i ŠK ""Ivan Dvoržak, Rovišće-Zrinski Topolovac",Hrvoje Matijević,"Vlado Karagić, FA",,"Petrica Koštić, CA","Dom kulture Starigrad, Krešimirova 28, Starigrad, Koprivnica","30'+30"" - standard",CRO,,18.09.2022  16:17,0,21,6,6,672702,Schweizer System
IV. memorijal Stjepana Kamenečkog - kadeti do 16 godina,20220917,20220918,,"ŠŠK Podravka, ŠŠK Koprivnica i ŠK ""Ivan Dvoržak"", Rovišće-Zrinski Topolovac",Hrvoje Matijević,"Vlado Karagić, FA",,"Petrica Koštić, CA","Dom kulture Starigrad, Krešimirova 28, Starigrad","30'+30"" - standard",CRO,,18.09.2022  15:20,0,9,6,6,672700,Schweizer System
IV. memorijal Stjepana Kamenečkog - kadeti do 9 godina,20220917,20220918,,"ŠŠK Podravka, ŠŠK Koprivnica i ŠK Ivan Dvoržak, Rovišće-Zrinski Topolovac",Hrvoje Matijević,"Vlado Karagić, FA",,"Petrica Koštić, CA","Dom kulture Starigrad, Krešimirova 28, Starigrad, Koprivnica","30'+30"" - standard",CRO,,18.09.2022  13:00,0,18,6,6,672703,Schweizer System
"Pojedinačno kadetsko i juniorsko prvenstvo ŠZŽI za 2022.-/M12/,Strizivojna, 03.09.-04.09.2022.",20220903,20220904,,"ŠK Amater, Strizivojna",Zdravko Šolić [14522608],"Krunoslav Lešić, IA [14505258]","Mia Ivona Jurić, NA [14561999], (ks)","Ilija Rajković, NA [14541424], (ks)","Strizivojna, sportska dvorana OŠ Ivana Brlić Mažuranić, Ul. Braće Radić 166","60'+30""",CRO,,04.09.2022  15:37,0,55,6,6,663293,Schweizer System
"Pojedinačno kadetsko i juniorsko prvenstvo ŠZŽI za 2022.-/M16/,Strizivojna, 03.09.-04.09.2022.",20220903,20220904,,"ŠK Amater, Strizivojna",Zdravko Šolić [14522608],"Krunoslav Lešić, IA [14505258]","Mia Ivona Jurić, NA [14561999], (ks)","Ilija Rajković, NA [14541424], (ks)","Strizivojna, sportska dvorana OŠ Ivana Brlić Mažuranić, Ul. Braće Radić 166","60'+30""",CRO,,04.09.2022  17:19,0,33,6,6,663295,Schweizer System
"Pojedinačno kadetsko i juniorsko prvenstvo ŠZŽI za 2022.-/U20/,Strizivojna, 03.09.-04.09.2022.",20220903,20220904,,"ŠK Amater, Strizivojna",Zdravko Šolić [14522608],"Krunoslav Lešić, IA [14505258]","Mia Ivona Jurić, NA [14561999], (ks)","Ilija Rajković, NA [14541424], (ks)","Strizivojna, sportska dvorana OŠ Ivana Brlić Mažuranić, Ul. Braće Radić 166","60'+30""",CRO,,04.09.2022  18:05,0,17,6,6,663297,Schweizer System
"Pojedinačno kadetsko i juniorsko prvenstvo ŠZŽI za 2022.-/Ž12/,Strizivojna, 03.09.-04.09.2022.",20220903,20220904,,"ŠK Amater, Strizivojna",Zdravko Šolić [14522608],"Krunoslav Lešić, IA [14505258]","Mia Ivona Jurić, NA [14561999], (ks)","Ilija Rajković, NA [14541424], (ks)","Strizivojna, sportska dvorana OŠ Ivana Brlić Mažuranić, Ul. Braće Radić 166","60'+30""",CRO,,04.09.2022  15:27,0,28,6,6,663294,Schweizer System
"Pojedinačno kadetsko i juniorsko prvenstvo ŠZŽI za 2022.-/Ž16/,Strizivojna, 03.09.-04.09.2022.",20220903,20220904,,"ŠK Amater, Strizivojna",Zdravko Šolić [14522608],"Krunoslav Lešić, IA [14505258]","Mia Ivona Jurić, NA [14561999], (ks)","Ilija Rajković, NA [14541424], (ks)","Strizivojna, sportska dvorana OŠ Ivana Brlić Mažuranić, Ul. Braće Radić 166","60'+30""",CRO,,04.09.2022  15:31,0,13,6,6,663296,Schweizer System
"Kastav-11Kastav, 26.08.2022.-28.08.2022.",20220826,20220828,,Šahovski klub Kastav,Eduard Piacun,"Reš, Dalibor 14510928",,,"Kastav, školska sportska dvorana",60+30,CRO,,28.08.2022  14:57,0,15,6,6,670155,Schweizer System
14. Otvoreno JUNIORSKO prvenstvo Varaždinske županije - 25.-27. kolovoz,20220825,20220827,,Šahovski savez Varaždinske županije,Miroslav Smuđ,Željko Matkun DS [14510839],"Predrag Križanić ŽS [14558327],",Mihael Vurušić [14511754],Varaždin,60 min.+30 sek dodatka za svaki potez,CRO,,30.08.2022  09:48,0,11,6,6,656966,Schweizer System
14. Otvoreno kadetsko prvenstvo Varaždinske županije A turnir U16- 25.-27. kolovoz,20220825,20220827,,Šahovski savez Varaždinske županije,Miroslav Smuđ,Matkun Željko DS [14510839],"Predrag Križanić ŽS [14558327],",Miroslav Smuđ ŽS [14576198],Varaždin,60 min.+30 sek dodatka za svaki potez,CRO,,01.09.2022  08:18,0,22,6,6,656964,Schweizer System
14. Otvoreno kadetsko prvenstvo Varaždinske županije B turnir U13- 25.-27. kolovoz,20220825,20220827,,Šahovski savez Varaždinske županije,Miroslav Smuđ,Matkun Željko DS [14510839],"Predrag Križanić ŽS [14558327],",Miroslav Smuđ ŽS [14576198],Varaždin,kolo 1-3: 15 min.+15 sek dodatka za svaki potez // kolo 4-8: 60 min.+30 sek dodatka za svaki potez,CRO,,30.08.2022  09:47,0,40,8,8,656965,Schweizer System
14. Open Hum na Sutli,20220820,20220826,,"Šahovski klub Straža, Hum na Sutli",Josip Krklec 14529211,"Radmila Švaljek, IA  14501759","Aleksandar Švaljek, NA (državni sudac) 14518503",,"Hum na Sutli, Općinska vijećnica (Dom kulture)","90 minuta uz dodatak od 30 sekundi za svaki potez, počevši od prvoga",CRO,,26.08.2022  19:18,0,59,9,9,645845,Schweizer System
"DRUGI MEĐUNARODNI ŠAHOVSKI TURNIR OPEN ""GRADIŠTE"" 2022.",20220806,20220812,,ŠK Slavonac Gradište,Srećko Papac,"IA Vidackovic, Branko 14509229;",,,"Gradište, Zgrada za djecu,odrasle i umirovljenike Trg Hrvatskih Velikana 36",90 minutes with 30 seconds cumulative increment for each move starting from first move,CRO,,19.08.2022  09:02,0,48,9,9,652825,Schweizer System
Pojedinačno prvenstvo Hrvatske za juniore do 17 godina,20220725,20220731,,Hrvatski šahovski savez,Alojzije Janković,"Vladimir Cvetnić, IA","Vlado Karagić, FA","Pavo Matanović, ŽS","Split, Studentski centar Bruno Bušić, Spinutska 37","90'+30""",CRO,,02.08.2022  20:59,0,61,9,9,654437,Schweizer System
Pojedinačno prvenstvo Hrvatske za juniore do 19 godina,20220725,20220731,,Hrvatski šahovski savez,Alojzije Janković,"Vladimir Cvetnić, IA","Vlado Karagić, FA","Pavo Matanović, ŽS","Split, Studentski centar Bruno Bušić, Spinutska 37","90'+30""",CRO,,02.08.2022  21:01,0,24,9,9,654434,Schweizer System
Pojedinačno prvenstvo Hrvatske za juniorke do 17 godina,20220725,20220731,,Hrvatski šahovski savez,Alojzije Janković,"Vladimir Cvetnić, IA","Vlado Karagić, FA","Pavo Matanović, ŽS","Split, Studentski centar Bruno Bušić, Spinutska 37","90'+30""",CRO,,02.08.2022  21:02,0,12,9,9,654444,Schweizer System
Dan općine Sunja 2022.,20220727,20220727,,Općina Sunja,Viktor Sović,Klara Krmpotić,,Ilija Josipović,,10 minuta,CRO,,27.07.2022  13:30,0,25,9,9,660329,Schweizer System
11th SPLIT OPEN  2022,20220716,20220724,,"ŠK Brda, Split",Mateo Ivić,"IA Vladimir Cvetnić, 14516950","FA Denis Brulić, 14506670","NA Marko Šekelja  (Državni sudac), 14527340",Split,90min + 30sec per move starting from move 1,CRO,,25.07.2022  22:04,0,152,9,9,609287,Schweizer System
VIII Otvoreno prvenstvo Čakovca OPEN,20220709,20220712,,ŠK Čakovec i ŠK Stridon,Stjepan Kanižaj,Roland Tomašić DS,,Nikola Husajina i Benjamin Kanižaj KS,Čakovec,60+30,CRO,,12.07.2022  21:48,0,17,8,8,654687,Schweizer System
VIII Otvoreno prvenstvo Čakovca U14,20220709,20220712,,ŠK Čakovec i ŠK Stridon,Stjepan Kanižaj,Roland Tomašić DS,,Benjamin Kanižaj i Nikola Husajina KS,"Čakovec, J.Gotovca 2",60+30,CRO,,12.07.2022  18:55,0,11,8,8,654702,Schweizer System
"5th International Chess Tournament, ""Solta Chess Open 2022"", Grohote, 02.-10.07.2022.",20220702,20220710,,"Chess Club Brda, Split","Mateo Ivic, FM [CRO] [14504146]","Mladen Bratosevic, IA [CRO] [14506203]","Krunoslav Lesic, IA [CRO] [14505258]","Ante Tomaš, NA [CRO] [14530929] ŽS","Solta [CRO], Grohote, House of culture",90min + 30sec per move,CRO,,10.07.2022  14:10,0,99,9,9,606441,Schweizer System
Pojedinačno juniorsko prvenstvo Koprivničko-križevačke županije za 2022- juniori,20220701,20220702,,Šahovski savez Koprivničko-križevačke županije,Nikola Mihočka,"Borislav Vidović, DS",,,"Društveni dom, Đurđevac",30 minuta plus 30 sekundi,CRO,,02.07.2022  13:27,0,14,5,5,652642,Schweizer System
Pojedinačno kadetsko prvenstvo Hrvatske  - kadeti do 11 godina -,20220622,20220627,,Hrvatski šahovski savez,"Ivica Brkić, 14505835","IA Vladimir Cvetnić, 14516950","IA Saša Stanković, 14511436","FA Stipe Lacmanović 14501309, DS Josip Morić 14507331","Trogir, hotel ""Medena""",90 minuta + 30 sekundi dodatka za svaki potez,CRO,,27.06.2022  12:21,0,52,9,9,644163,Schweizer System
Pojedinačno kadetsko prvenstvo Hrvatske  - kadeti do 13 godina -,20220622,20220627,,Hrvatski šahovski savez,"Ivica Brkić, 14505835","IA Vladimir Cvetnić, 14516950","IA Nenad Dorić, 14501694","DS Josip Jurman 14536641, ŽS Predrag Križanić 14558327","Trogir, hotel Medena",90 minuta + 30 sekundi dodatka za svaki potez,CRO,,27.06.2022  12:26,0,55,9,9,644181,Schweizer System
Pojedinačno kadetsko prvenstvo Hrvatske  - kadeti do 15 godina -,20220622,20220627,,Hrvatski šahovski savez,"Ivica Brkić, 14505835","IA Vladimir Cvetnić, 14516950","IA Nenad Dorić, 14501694","DS Josip Jurman 14536641, ŽS Predrag Križanić 14558327","Trogir, hotel Medena",90 minuta + 30 sekundi dodatka za svaki potez,CRO,,27.06.2022  12:59,0,69,9,9,644173,Schweizer System
Pojedinačno kadetsko prvenstvo Hrvatske  - kadeti do 7 godina -,20220622,20220627,,Hrvatski šahovski savez,"Ivica Brkić, 14505835","IA Vladimir Cvetnić, 14516950","IA Saša Stanković, 14511436","FA Stipe Lacmanović 14501309, DS Josip Morić 14507331","Trogir, hotel ""Medena""",90 minuta + 30 sekundi dodatka za svaki potez,CRO,,27.06.2022  12:03,0,25,9,9,644159,Schweizer System
Pojedinačno kadetsko prvenstvo Hrvatske  - kadeti do 9 godina -,20220622,20220627,,Hrvatski šahovski savez,"Ivica Brkić, 14505835","IA Vladimir Cvetnić, 14516950","IA Saša Stanković, 14511436","FA Stipe Lacmanović 14501309, DS Josip Morić 14507331","Trogir, hotel ""Medena""",90 minuta + 30 sekundi dodatka za svaki potez,CRO,,27.06.2022  12:10,0,26,9,9,644161,Schweizer System
Pojedinačno kadetsko prvenstvo Hrvatske  - kadetkinje do 11 godina -,20220622,20220627,,Hrvatski šahovski savez,"Ivica Brkić, 14505835","IA Vladimir Cvetnić, 14516950","IA Saša Stanković, 14511436","FA Stipe Lacmanović 14501309, DS Josip Morić 14507331","Trogir, hotel ""Medena""",90 minuta + 30 sekundi dodatka za svaki potez,CRO,,27.06.2022  10:32,0,22,9,9,644162,Schweizer System
Pojedinačno kadetsko prvenstvo Hrvatske  - kadetkinje do 13 godina -,20220622,20220627,,Hrvatski šahovski savez,"Ivica Brkić, 14505835","IA Vladimir Cvetnić, 14516950","IA Nenad Dorić, 14501694","DS Josip Jurman 14536641, ŽS Predrag Križanić 14558327","Trogir, hotel Medena",90 minuta + 30 sekundi dodatka za svaki potez,CRO,,27.06.2022  11:37,0,25,9,9,644182,Schweizer System
Pojedinačno kadetsko prvenstvo Hrvatske  - kadetkinje do 15 godina -,20220622,20220627,,Hrvatski šahovski savez,"Ivica Brkić, 14505835","IA Vladimir Cvetnić, 14516950","IA Nenad Dorić, 14501694","DS Josip Jurman 14536641, ŽS Predrag Križanić 14558327","Trogir, hotel Medena",90 minuta + 30 sekundi dodatka za svaki potez,CRO,,27.06.2022  12:05,0,18,9,9,644176,Schweizer System
Pojedinačno kadetsko prvenstvo Hrvatske  - kadetkinje do 9 godina -,20220622,20220627,,Hrvatski šahovski savez,"Ivica Brkić, 14505835","IA Vladimir Cvetnić, 14516950","IA Saša Stanković, 14511436","FA Stipe Lacmanović 14501309, DS Josip Morić 14507331","Trogir, hotel ""Medena""",90 minuta + 30 sekundi dodatka za svaki potez,CRO,,27.06.2022  10:59,0,23,9,9,644160,Schweizer System
"34th International Open Tournament Pula 2022Hotel Park Plaza Histria (Ex Casino), 18.06.-25.06.2022.",20220618,20220625,,"CC Pula, Pula",Valter Valkovic 14514931,IA Sulejman Islamovic 14516659,IA Kristian Valkovic 14513200,IA Igor Milovac 14535661; NA (ZS) Valter Valkovic 14514931; NA (ZS) Pavo Matanovic 14532930,"Pula, Hotel Park Plaza Histria (Ex Casino)",90 minutes with 30 second increment from move 1,CRO,,25.06.2022  14:24,0,163,9,9,616201,Schweizer System
Prvenstvo Hrvatske za veterane 2022 godine,20220621,20220625,,Hrvatski šahovski savez  u suradnji sa ŠS županije Splitsko - dalmatinske,Ivica Brkić (14505835),Branko Vidačković IA (14509229),Mato Opačak DS (14503026),,"Hotel ""Medena"" Trogir,Hrvatskih žrtava 185, Donji Seget.",30 min +30 sec dodatka za svaki izvršeni potez,CRO,,28.06.2022  00:11,0,18,7,7,641118,Schweizer System
Prvenstvo Hrvatske za slijepe i slabovidne za 2022g.,20220616,20220622,,HŠSS,Villiam Jelušić,IA Zoran Mijatović,,,,2h -40 poteza + 30min za ostatak partije,CRO,,22.06.2022  11:39,0,15,7,7,648609,Schweizer System
Dani Svetoga Vida 2022 - Moj prvi rejting (kadetski turnir),20220618,20220619,,Šahovski savez PGŽ i ŠK Rijeka,Bojan Birk,"IA Birk, Bojan 14527677","Pijanovic, Dusan 14514117",,"Rijeka, Šahovski dom, Blaža Polića 2/2",30 min + 30 sec,CRO,,18.06.2022  14:08,0,14,5,5,648338,Schweizer System
Dani Svetoga Vida 2022 - Otvoreno prvenstvo PGŽ (kadetski i juniorski turnir),20220618,20220619,,Šahovski savez PGŽ i ŠK Rijeka,Bojan Birk,"IA Birk, Bojan 14527677","Pijanovic, Dusan 14514117",,"Rijeka, Šahovski dom, Blaža Polića 2/2",30 min + 30 sec,CRO,,19.06.2022  15:08,0,15,6,6,648337,Schweizer System
GARESNICA OPEN 2022.,20220616,20220619,,"SK Garesnica, Garesnica",Miroslav Horina,"IA Slavko Bejuk, (14517361)",,"KS Miroslav Horina (klubski sudac),","Garesnica, Kolodvorska 4, Sportska dvorana OS",90 minutes with 30 second increment from move 1,CRO,,19.06.2022  19:30,0,63,7,7,616947,Schweizer System
Ivanečki vitezovi 2022 - kadeti U12,20220225,20220616,,Šahovski klub Ivanec,Željko Črepinko,"Križanić Predrag, županijski sudac","Željko Črepinko, klupski sudac","Franjo Pavlović, županijski sudac",Horvatsko kod Ivanca,30 min + 30 sek,CRO,,17.06.2022  15:01,0,19,10,10,613595,Schweizer System
Ivanečki vitezovi 2022 - kadeti U16,20220225,20220616,,Šahovski klub Ivanec,Željko Črepinko,"Križanić Predrag, županijski sudac","Željko Črepinko, klupski sudac","Franjo Pavlović, županijski sudac",Horvatsko kod Ivanca,30 min + 30 sek,CRO,,17.06.2022  15:02,0,31,10,10,613594,Schweizer System
POZIVNI TURNIR-ŠSZŽ U18,20220611,20220612,,Šahovski klub POLET Buševec  i  Šahovski savez Zagrebačke županije,Bruno Kos,Bruno Kos (ks),Marijan Rožić (ks),Zlatko Rožić (žs),"Nk POLET Buševec, Zvrnik 1, Buševec",kolo 1-3: 15 min.+15 sek dodatka za svaki potez // kolo 4-7: 60 min.+30 sek dodatka za svaki potez,CRO,,12.06.2022  14:32,0,20,7,7,644974,Schweizer System
Dan državnosti u Sisku,20220527,20220529,,Šahovsko društvo Sisak,Milan Brigljević,Klara Krmpotić,,,,60+30,CRO,,29.05.2022  18:25,0,10,7,7,638968,Schweizer System
"Rejting turnir Šk ""Dubrovnik"" do 1900 Nrtg, 20-22.05.2022.",20220520,20220522,,"Šahovski klub ""Dubrovnik""",,"IA, IO Sulejman Islamović 14516659",,,"Prostor ŠK ""Dubrovnik"", Dubrovnik, Gospino polje",30 min + 30 sec,CRO,,22.05.2022  19:48,0,15,7,7,639599,Schweizer System
"Turnir vankategornika ŠK ""FERIT-OSIJEK"" 2022.",20220505,20220519,,"ŠK ""FERIT-OSIJEK"" i Fakultet FERIT",Aleksi Ivan,"Josip Jurman, NA (14536641) Državni sudac",,,"Osijek, Dvorac Mačkamama i prostor FERIT-a","30,00 min.+30 sek dodatak",CRO,,19.05.2022  20:17,0,14,9,9,625612,Schweizer System
Pojedinačno veteransko prvenstvo Grada Zagreba 2022,20220429,20220506,,Zagrebački šahovski savez,Krešimir podravec,Vid Brzica,,,"Zagreb, Masarykova 22/3",30 minuta + 30 sekundi za svaki izvršeni potez,CRO,,06.05.2022  19:40,0,11,7,7,632100,Schweizer System
Pojedinačno kadetsko prvenstvo Koprivničko-križevačke županije za 2022kadeti do 11 godina,20220430,20220501,,Šahovski savez Koprivničko-križevačke županije,Nikola Mihočka,Borislav Vidović,,,"Društveni dom, Starigrad",30 minuta plus 30 sekundi,CRO,,30.04.2022  12:47,0,8,5,5,632127,Schweizer System
Pojedinačno kadetsko prvenstvo Koprivničko-križevačke županije za 2022kadeti do 13 godina,20220430,20220501,,Šahovski savez Koprivničko-križevačke županije,Nikola Mihočka,Borislav Vidović,,,"Društveni dom, Starigrad",30 minuta plu 30 sekundi,CRO,,30.04.2022  17:11,0,10,5,5,632122,Schweizer System
Pojedinačno kadetsko prvenstvo Koprivničko-križevačke županije za 2022kadeti do 15 godina,20220430,20220501,,Šahovski savez Koprivničko-križevačke županije,Nikola Mihočka,Borislav Vidović,,,"Društveni dom, Starigrad",30 minuta plu 30 sekundi,CRO,,01.05.2022  11:50,0,7,5,5,632118,Schweizer System
Pojedinačno kadetsko prvenstvo Koprivničko-križevačke županije za 2022kadeti do 9 godina,20220430,20220501,,Šahovski savez Koprivničko-križevačke županije,Nikola Mihočka,Borislav Vidović,,"Ivan Baruškin, Petrica Koštić, Goran Martić","Društveni dom, Starigrad",30 minuta plus 30 sekundi,CRO,,30.04.2022  12:51,0,11,5,5,632130,Schweizer System
Pojedinačno kadetsko prvenstvo Koprivničko-križevačke županije za 2022kadetkinje do 9 godina,20220430,20220501,,Šahovski savez Koprivničko-križevačke županije,Nikola Mihočka,Borislav Vidović,,"Ivan Baruškin, Petrica Koštić, Goran Martić","Društveni dom, Starigrad",30 minuta plus 30 sekundi,CRO,,30.04.2022  12:29,0,8,5,5,632131,Schweizer System
VRSAR OPEN,20220418,20220424,,,"Lovrinić, Vlatko (CRO) [14574713]","IA Dorić, Nenad (CRO) [14501694]","CA Mihalinec, D. (CRO) [14504260]",,"Vrsar (CRO), Sportska dvorana Saline",90 minutes with 30 second increment from move 1,CRO,,24.04.2022  13:30,0,64,9,9,614003,Schweizer System
Pojedinačno kadetsko prvenstvo Međimurja - 2022.                       - Kadeti do 12 godina -,20220421,20220423,,"ŠSM i ŠK ""Strahoninec""",Močnik Darko,"ŽS, Stanković Mateo, 14539632",,"KS, Kanižaj Benjamin, 14542781","Strahoninec, društveni dom",30 minuta + 30 sekundi dodatka za svaki odigrani potez,CRO,,23.04.2022  12:01,0,18,6,6,625874,Schweizer System
Pojedinačno kadetsko prvenstvo Međimurja - 2022.                       - Kadeti do 16 godina -,20220421,20220423,,"ŠSM i ŠK ""Strahoninec""",Močnik Darko,"ŽS, Stanković Mateo, 14539632",,"KS, Kanižaj Benjamin, 14542781","Strahoninec, društveni dom",30 minuta + 30 sekundi dodatka za svaki odigrani potez,CRO,,23.04.2022  13:47,0,17,6,6,625873,Schweizer System
Varaždinsko proljeće 2022 - A turnir seniori,20220420,20220422,,ŠD Varaždin,Miroslav Smuđ,Miroslav Smuđ,,"Pergar Goran, Hanjš Vladimir",Varaždin,30'+30'' zasvaki odigrani potez,CRO,,24.04.2022  00:49,0,13,6,6,624359,Schweizer System
Varaždinsko proljeće 2022 - B turnir U16,20220420,20220422,,ŠD Varaždin,Miroslav Smuđ,Miroslav Smuđ,,Tot Miroslav,Varaždin,30'+30'' zasvaki odigrani potez,CRO,,24.04.2022  01:22,0,22,6,6,624419,Schweizer System
Varaždinsko proljeće 2022 - C turnir U12,20220420,20220422,,ŠD Varaždin,Miroslav Smuđ,Miroslav Smuđ,,Tot Miroslav,Varaždin,30'+30'' zasvaki odigrani potez,CRO,,24.04.2022  01:24,0,20,6,6,624348,Schweizer System
Varaždinsko proljeće 2022 - D turnir < 1700,20220420,20220422,,ŠD Varaždin,Miroslav Smuđ,Miroslav Smuđ,,"Pergar Goran, Vladimir Hanjš",Varaždin,30'+30'' zasvaki odigrani potez,CRO,,24.04.2022  01:00,0,9,6,6,624420,Schweizer System
"I. Otvoreni pojedinačni šahovski turnir za kadete  ""Uskrs u Vodnjanu 2022.""",20220409,20220410,,Grad Vodnjan i ŠK Vodnjan,"NA Trošić, Zvonimir (CRO) [14538849]","IA Milovac, Igor (CRO) [14535661]","NA Trošić, Zvonimir (CRO) [14538849]",,"Dom mladih u Vodnjanu, Istarska ulica br.1",30 min + 30 sec per move,CRO,,10.04.2022  14:58,0,17,7,7,617444,Schweizer System
Prvenstvo PGŽ za 2022.g. -  Juniori i do 19 godina,20220326,20220327,,ŠK Rijeka i ŠSPGŽ,Ivan Mandekić,Dušan Pijanović,,Teo Trošelj,Rijeka,30 min + 30 sec,CRO,,27.03.2022  23:04,0,11,6,6,622930,Schweizer System
Prvenstvo PGŽ za 2022.g. -  kadeti do 13 godina,20220326,20220327,,ŠK Rijeka i ŠSPGŽ,Ivan Mandekić,Dušan Pijanović,,Teo Trošelj,Rijeka,30 min + 30 sec,CRO,,27.03.2022  13:41,0,18,6,6,622933,Schweizer System
Prvenstvo PGŽ za 2022.g. -  kadetkinje do 13 godina,20220326,20220327,,ŠK Rijeka i ŠSPGŽ,Ivan Mandekić,Dušan Pijanović,,Teo Trošelj,Rijeka,30 min + 30 sec,CRO,,27.03.2022  13:40,0,8,6,6,622932,Schweizer System
Otvoreno prvenstvo Šibenika 2022.,20220222,20220322,,Š.K. Šibenik i NP Krka,Miro Tesla,Josip Morić DS,Jure Rajić KS,,Šibenik,90 minuta + 30 sekundi za svaki odigrani potez,CRO,,22.03.2022  22:49,0,36,9,9,612218,Schweizer System
Prvenstvo Istarske županije za kadete do 11 godina za 2022. godinu,20220313,20220320,,Šahovski savez Istarske županije,"NA Valković, Valter [14514931]","IA Milovac, Igor [14535661]","NA Valković, Valter [14514931]",,Vodnjan,30 min + 30 sec per move,CRO,,20.03.2022  11:18,0,7,4,4,618230,Schweizer System
Prvenstvo Istarske županije za kadete do 13 godina za 2022. godinu,20220313,20220320,,Šahovski savez Istarske županije,"NA Valković, Valter [14514931]","IA Milovac, Igor [14535661]","NA Valković, Valter [14514931]",,Vodnjan,30 min + 30 sec per move,CRO,,20.03.2022  14:35,0,11,6,6,618231,Schweizer System
Prvenstvo Istarske županije za kadete do 7 i 9 godina za 2022. godinu,20220313,20220320,,Šahovski savez Istarske županije,"NA Valković, Valter [14514931]","IA Milovac, Igor [14535661]","NA Valković, Valter [14514931]",,Vodnjan,30 min + 30 sec per move,CRO,,20.03.2022  10:53,0,8,5,5,618228,Schweizer System
Prvenstvo PGŽ za 2022.g. -  djevojčice do 7 i do 9 godina,20220319,20220320,,ŠK Goranka i ŠSPGŽ,Bruno Juranić,"Birk, Bojan 14527677",,,Ravna Gora,30 min,CRO,,19.03.2022  14:43,0,9,6,6,620016,Schweizer System
Prvenstvo PGŽ za 2022.g. -  kadeti i kadetkinje do 15 godina,20220319,20220320,,ŠK Goranka i ŠSPGŽ,Bruno Juranić,"Birk, Bojan 14527677",,,Ravna Gora,30 min + 30 sec,CRO,,20.03.2022  14:55,0,20,6,6,620014,Schweizer System
"Prvenstvo šahovskog kluba ""PETAR SEDLAR - PEPE"" za 2022. godinu.",20220306,20220320,,ŠK PETAR SEDLAR - PEPE,Ivica Brkić,Vladimir Cvetnić,,,,90 minuta + 30 sekundi za svaki odigraqni potez,CRO,,21.03.2022  08:58,0,13,7,7,616664,Schweizer System
Prvenstvo PGŽ za 2022.g. -  dječaci do 7 i do 9 godina,20220319,20220319,,ŠK Goranka i ŠSPGŽ,Bruno Juranić,"Birk, Bojan 14527677",,,Ravna Gora,30 min,CRO,,19.03.2022  14:43,0,17,6,6,620015,Schweizer System
POJEDINAČNO ŠAHOVSKO PRVENSTVO VSŽ ZA 2022. GODINU,20220311,20220313,,Š.S. VSŽ i Š.K. ''Šokadija'' Stari Mikanovci,Zdenko Brkić,"Anto Majić, FA",,,"Stari Mikanovci-Šahovski dom, Školska 17B",30 min. fiksnog vremena po igraču + dodatak od 30 sec. za svaki završeni potez počevši od prvoga,CRO,,13.03.2022  20:24,0,43,7,7,615694,Schweizer System
Prvenstvo PGŽ za 2022.g. -  Juniori i juniorke do 17 godina,20220312,20220313,,ŠK Rijeka i ŠSPGŽ,Ivan Mandekić,Teo Trošelj,,Teo Trošelj,Rijeka,30 min + 30 sec,CRO,,13.03.2022  14:31,0,14,6,6,618478,Schweizer System
Prvenstvo PGŽ za 2022.g. -  kadeti i kadetkinje do 11 godina,20220312,20220313,,ŠK Rijeka i ŠSPGŽ,Ivan Mandekić,Teo Trošelj,,Teo Trošelj,Rijeka,30 min + 30 sec,CRO,,13.03.2022  14:31,0,19,6,6,618477,Schweizer System
Seniorski šahovski turnir ŠK Đurđenovac,20220312,20220312,,Šahovski klub Đurđenovac,Slavko Vulić,Miroslav Tot,,Slavko Vulić,Đurđenovac,10 min po igraču,CRO,,12.03.2022  14:34,0,22,7,7,618569,Schweizer System
"3. Međunarodni šahovski festival mladih ŠS VSŽ- Open U12,Babina Greda, 05.03.-06.03.2022.",20220305,20220306,,"ŠS VSŽ i ŠK Šahovski centar Nexus, Županja",Ilija Rajković [14541424],"Krunoslav Lešić, IO, IA [14505258]","Mia Ivona Juric, NA [14561999]","Mato Čivić, NA [14542625], Ivan Dujić, NA [14574829]","Babina Greda, HDK Franjo Delić",60min+30s,CRO,,21.03.2022  11:42,0,74,6,6,608546,Schweizer System
"3. Međunarodni šahovski festival mladih ŠS VSŽ- Open U16,Babina Greda, 05.03.-06.03.2022.",20220305,20220306,,"ŠS VSŽ i ŠK Šahovski centar Nexus, Županja",Ilija Rajković [14541424],"Krunoslav Lešić, IO, IA [14505258]","Mia Ivona Juric, NA [14561999]","Mato Čivić, NA [14542625], Ivan Dujić, NA [14574829]","Babina Greda, HDK Franjo Delić",60min+30s,CRO,,06.03.2022  17:43,0,58,6,6,608547,Schweizer System
"3. Međunarodni šahovski festival mladih ŠS VSŽ- Open U20,Babina Greda, 05.03.-06.03.2022.",20220305,20220306,,"ŠS VSŽ i ŠK Šahovski centar Nexus, Županja",Ilija Rajković [14541424],"Krunoslav Lešić, IO, IA [14505258]","Mia Ivona Jurić, NA [14561999]","Mato Čivić, NA [14542625], Ivan Dujić, NA [14574829]","Babina Greda, HDK Franjo Delić",60min+30s,CRO,,06.03.2022  17:42,0,17,6,6,608548,Schweizer System
Pojedinačno seniorsko prvenstvo Šahovskog kluba Križevci za 2022. godinu,20220212,20220227,,Šahovski klub Križevci,Igor Kudeljanjak,Borislav Vidović DS,,Goran Martić KS,Križevci,90 minuta + 30 sekundi dodatka za svaki odigrani potez počevši od prvog,CRO,,27.02.2022  15:54,0,8,6,6,609108,Schweizer System
Otvoreno prvenstvo grada Crikvenice za 2022.god,20220212,20220226,,"ŠK ""Crikvenica""",Nikola Sundać,Nenad Jurman,,,"Crikvenica, prostorije kluba, Vinodolska 1",60min + 30 sec,CRO,,26.02.2022  19:31,0,16,7,7,609785,Schweizer System
"Otvoreno amatersko prvenstvo ŠK ""BRDA"" SPLIT 2022",20220221,20220225,,"ŠK "" BRDA"" SPLIT",Mateo Ivić,Vladimir Cvetnić IA,Čalija Zvonimir NA ( Klupski sudac),,Split,60 minuta + 30 sekundi za svaki odigrani potez,CRO,,25.02.2022  19:51,0,23,7,7,609729,Schweizer System
TURNIR MLADIH SESVETE 2022,20220221,20220225,,ŠK SESVETE AGROPROTEINKA Radoslav Dumančić,Milan Brigljević,Tihana Iveković,Ana Iveković,,SESVETE,60+30,CRO,,25.02.2022  12:51,0,20,9,9,611104,Schweizer System
"Pojedinačna kadetska i juniorsko prvenstvo VSŽ 2022., Juniori (U20),Babina Greda, 12.-13.02.2022.",20220212,20220213,,"ŠS VSŽ i ŠK Šokadija, Babina Greda","Ilija Rajković, klupski sudac","Krunoslav Lešić, IA, IO",,,,"30'+30""",CRO,,13.02.2022  12:54,0,12,5,5,608595,Schweizer System
"Pojedinačna kadetska i juniorsko prvenstvo VSŽ 2022., Kadeti (U16),Babina Greda, 12.-13.02.2022.",20220212,20220213,,"ŠS VSŽ i ŠK Šokadija, Babina Greda","Ilija Rajković, klupski sudac","Krunoslav Lešić, IA, IO",,,"Babina Greda, Ul. kralja Tomislava 4","30'+30""",CRO,,13.02.2022  14:12,0,23,6,6,608594,Schweizer System
"Pojedinačna kadetska i juniorsko prvenstvo VSŽ 2022., Mlađi kadeti (U12),Babina Greda, 12.-13.02.2022.",20220212,20220213,,"ŠS VSŽ i ŠK Šokadija, Babina Greda","Ilija Rajković, klupski sudac","Krunoslav Lešić, međunarodni sudac","Mia Ivona Jurić, klupski sudac",,"Babina Greda, Ul. kralja Tomislava 4","30'+30""",CRO,,13.02.2022  14:05,0,46,6,6,608593,Schweizer System
POJEDINAČNO SENIORSKO PRVENSTVO BRODSKO-POSAVSKE ŽUPANIJE U STANDARDNOM ŠAHUZA 2022. GODINU,20220114,20220123,,"ŠAHOVSKI SAVEZ BRODSKO-POSAVSKE ŽUPANIJE, ŠK ""ĐURO ĐAKOVIĆ"" SLAVONSKI BROD",ZLATKO MARTIĆ,IVAN ĐANČEVIĆ,,ĐURO KOKANOVIĆ,SLAVONSKI BROD,90 MINUTA + 30 SEKUNDI,CRO,,23.01.2022  16:01,0,28,7,7,603036,Schweizer System
POJEDINAČNO SENIORSKO PRVENSTVO BRODSKO-POSAVSKE ŽUPANIJE U STANDARDNOM ŠAHUZA 2022. GODINU,20220114,20220123,,"ŠAHOVSKI SAVEZ BRODSKO-POSAVSKE ŽUPANIJE, ŠK ""ĐURO ĐAKOVIĆ"" SLAVONSKI BROD",ZLATKO MARTIĆ,IVAN ĐANČEVIĆ,,ĐURO KOKANOVIĆ,SLAVONSKI BROD,90 MINUTA + 30 SEKUNDI,CRO,,25.12.2022  17:39,0,28,7,7,712806,Schweizer System
23. kadetsko prvenstvo OBŽ_ turnir do 11 godina,20220107,20220109,,ŠS Osječko-baranjske županije,Renato Vince,Zdravko Birovljević,,"Renato Vince, Andrej Meško","Valpovo, hotel Villa Valpovo",30 minuta fiksnog vremena+30 sekundi dodatka za svaki potez,CRO,,09.01.2022  15:18,0,23,9,9,601104,Schweizer System
23. kadetsko prvenstvo OBŽ_ turnir do 15 godina,20220107,20220109,,ŠS Osječko-baranjske županije,Renato Vince,Zdravko Birovljević,,"Renato Vince, Andrej Meško","Valpovo, hotel Villa Valpovo",30 minuta fiksnog vremena+30 sekundi dodatka za svaki potez,CRO,,09.01.2022  15:36,0,31,9,9,601103,Schweizer System
"MEĐUNARODNI OTVORENI ŠAHOVSKI TURNIR ""26th Open BOŠNJACI"" 2022",20220103,20220109,,Chess club Bosnjaci Bošnjaci,Luka Golubičić,"Branko Vidačković, IA 14509229","Babic, Andrija, IA 14507390",Tomislav Jazvić NA 14537532,"Kino dvorana dom kulture, Bošnjaci",90 minutes with 30 seconds cumulative increment for each move starting from first move,CRO,,10.01.2022  10:22,0,111,9,9,583717,Schweizer System
Novogodišnji Cuger u klububrzopotezno prvenstvo kluba Petar Sedlar-Pepe 2022.g.,20220109,20220109,,U.O. ŠK Petar Sedlar-Pepe,Ivica Brkić,Stjepan Gudelj,,,Kaštel Novi,10min,CRO,,09.01.2022  18:58,0,11,7,7,604788,Schweizer System
Pojedinačno prvenstvo KCKŽ 2022. - seniorke,20220106,20220109,,Šahovski savez Koprivničko-križevačke županije,Nikola Mihočka,"Vlado Karagić, FA",,"Marin Domović, KS","Đurđevac, Hotel Picok","90'+30"" - standard",CRO,,09.01.2022  15:56,0,7,6,6,603744,Schweizer System
Pojedinačno seniorsko prvenstvo KCKŽ 2022.,20220106,20220109,,Šahovski savez Koprivničko-križevačke županije,Nikola Mihočka,"Vlado Karagić, FA",,"Marin Domović, KS","Đurđevac, Hotel Picok","90'+30"" - standard",CRO,,09.01.2022  18:28,0,20,6,6,603742,Schweizer System
"5th International Chess Tournament "" Rabac Open 2022 """,20220102,20220108,,CC Sveta Nedelja,"Radalj, Ante","IA Dorić, Nenad (CRO) [14501694]","IA Lešić, K. [14505258] ; CA Mihalinec, D. (CRO) [14504260]",,"Rabac (CRO), Hotel Valamar Sanfior",90 minutes with 30 second increment from move 1,CRO,,08.01.2022  13:05,0,140,9,9,584356,Schweizer System
Pojedinačno seniorsko prvenstvo grada Zagreba 2021,20211203,20211217,,Zagrebački šahovski savez,Krešimir Podravec,Vid Brzica,Danko Brajdić,,"Zagreb, Masarykova 22/3","90 minuta po igraču uz dodatak od 30 sekundi za svaki završeni potez, počevši od prvoga.",CRO,,18.12.2021  13:50,0,18,7,7,595130,Schweizer System
Zadar open 2021,20211211,20211217,,Šahovski savez Zadarske županije,Veljko Sagi,Damir Mihalinec,Veljko Sagi,Ferdo Martinović,Zadar,90min+30sec,CRO,,17.12.2021  15:09,0,81,9,9,587083,Schweizer System
"17.kadetski šahovski turnir ""Iovallium""_otvoreno  prvenstvo OBŽ",20211210,20211212,,Šahovski savez Osječko-baranjske županije,Renato Vince,Zdravko Birovljević,,"Renato Vince,",Valpovo,30 minuta fiksnog vremena+dodatak od 30 sekundi za svaki potez,CRO,,13.12.2021  14:49,0,45,7,7,590146,Schweizer System
"23.ženski šahovski turnir ""Čarobni prsten""_otvoreno prvenstvo OBŽ",20211210,20211212,,Šahovski savez Osječko-baranjske županije,Renato Vince,Zdravko Birovljević,,Renato Vince,Valpovo,30 minuta fiksnog vremena+dodatak od 30 sekundi za svaki potez,CRO,,14.12.2021  21:26,0,10,7,7,590143,Schweizer System
Peto otvoreno pojedinačno prvenstvo zapadne Hrvatske za mlade do 12 godina,20211204,20211205,,ŠS Istarske županije i ŠS Primorsko - goranske županije,"IA Milovac, Igor (CRO) [14535661]","IA Milovac, Igor (CRO) [14535661]",NA Ghersinich Giuseppe (CRO) [14510138],"NA Bonaca, Dario (CRO) [14516292]",Sportska dvorana Žatika u Poreču,30 min + 30 sek dodatka,CRO,,05.12.2021  15:54,0,20,6,6,582949,Schweizer System
Peto otvoreno pojedinačno prvenstvo zapadne Hrvatske za mlade do 16 godina,20211204,20211205,,ŠS Istarske županije i ŠS Primorsko - goranske županije,"IA Milovac, Igor (CRO) [14535661]","IA Milovac, Igor (CRO) [14535661]",NA Ghersinich Giuseppe (CRO) [14510138],"NA Bonaca, Dario (CRO) [14516292]",Sportska dvorana Žatika u Poreču,30 min + 30 sek dodatka,CRO,,06.12.2021  10:23,0,12,6,6,582950,Schweizer System
ZATVORENO SENIORSKO ŠAHOVSKO PRVENSTVO VSŽ 2021,20211029,20211031,,Šahovski savez VSŽ i Š.K. ''Šokadija'' Stari Mikanovci,Zdenko Brkić,"Anto Majić, FA",,,"Stari Mikanovci-Šahovski dom, Školska 17A",30 min. fiksnog vremena po igraču + 30 sec za svaki završeni potez počevši od prvoga,CRO,,31.10.2021  12:57,0,33,7,7,580397,Schweizer System
Pojedinačno juniorsko prvenstvo Primorsko-goranske županije Juniori i juniorke do 17. godina,20210925,20210926,,Šahovski savez PGŽ i DND Fužine,,Andrea Jakovac,,,Dom kulture Fužine,30 min + 30 sek/potez,CRO,,26.09.2021  14:34,0,13,6,6,580736,Schweizer System
Juniorsko prvenstvo Zadarske zupanije 2021,20210918,20210919,,Sahovski savez Zadarske zupanije,Veljko Sagi,Veljko Sagi,,Veljko Sagi,Zadar,60+30,CRO,,19.09.2021  15:50,0,11,5,5,579543,Schweizer System
Kadetsko (12) prvenstvo Zadarske Županije 2026,20210917,20210919,0,Sahovski savez Zadarske zupanije,Veljko Sagi,Veljko Sagi,,Andrea Stojanović,Zadar,30+30,CRO,,21.06.2026  12:47,0,22,5,5,1442385,Schweizer System
Kadetsko (16) prvenstvo Zadarske Županije 2026,20210917,20210919,0,Sahovski savez Zadarske zupanije,Veljko Sagi,Veljko Sagi,,Andrea Stojanović,Zadar,30+30,CRO,,21.06.2026  13:24,0,10,5,5,1442410,Schweizer System
Kadetsko (8) prvenstvo Zadarske Županije 2026,20210917,20210919,0,Sahovski savez Zadarske zupanije,Veljko Sagi,Veljko Sagi,,Andrea Stojanović,Zadar,30+30,CRO,,21.06.2026  11:24,0,12,5,5,1442380,Schweizer System
Kadetsko prvenstvo Zadarske zupanije 205.,20210917,20210919,0,Sahovski savez Zadarske zupanije,Veljko Sagi,Veljko Sagi,,Veljko Sagi,Zadar,30+30,CRO,,18.05.2025  13:55,0,19,5,5,1180877,Schweizer System
Prvenstvo Elektrostojarske škole Varaždin jesen 2021.Prvenstvo ESS,20210916,20210916,,ŠD Varaždin,Miroslav Smuđ,Miroslav Smuđ,,,Varaždin,10'+5'' zasvaki odigrani potez,CRO,,16.09.2021  13:58,0,14,7,7,578993,Schweizer System
Kadetski šahovski turnir ŠAHOVSKI VAL 2021 A turnir,20210830,20210903,,ŠK Crikvenica,Nikola Sundać,Nenad Jurman,,,Crikvenica,60 min + 30 sec,CRO,,03.09.2021  22:46,0,10,6,6,576299,Schweizer System
Kadetski šahovski turnir ŠAHOVSKI VAL 2021 B turnir,20210830,20210901,,ŠK Crikvenica,Nikola Sundać,Nenad Jurman,,,Crikvenica,30 min + 30 sec,CRO,,01.09.2021  19:57,0,12,6,6,576300,Schweizer System
PPH U ŠAHU ZA ŽENE 2021.,20210822,20210829,,"Hrvtaski šahovski savez, Tehnički organizator ŠS VSŽ i Š.K. Vinkovci",Alojzije Janković,"Anto Majić, FA","Patrick Nikić, NA i voditelj prijenosa partija uživo",,"Vinkovci, Hotel ''Slavonija'', Duga ulica 1",90 minuta za 40 poteza + 30 minuta za ostatak partije uz dodatak od 30 sec. za svaki završeni potez,CRO,,29.08.2021  14:02,0,14,9,9,572364,Schweizer System
13. Otvoreno kadetsko prvenstvo Varaždinske županije A turnir U16- 26.-28. kolovoz,20210826,20210828,,Športski šahovski klub Mladost Varaždinske Toplice,Matkun Željko,Matkun Željko NA [14510839],Predrag Križanić NA [14558327],Luka Krainc NA [14510723],"Varaždinske Toplice, hotel Minerva",kolo 1-3: 15 min.+15 sek dodatka za svaki potez // kolo 4-8: 60 min.+30 sek dodatka za svaki potez,CRO,,28.08.2021  17:20,0,18,6,6,573463,Schweizer System
13. Otvoreno kadetsko prvenstvo Varaždinske županije B turnir U13- 26.-28. kolovoz,20210826,20210828,,Športski šahovski klub Mladost Varaždinske Toplice,Matkun Željko,Matkun Željko NA [14510839],Predrag Križanić NA [14558327],Luka Krainc NA [14510723],"Varaždinske Toplice, hotel Minerva",kolo 1-3: 15 min.+15 sek dodatka za svaki potez // kolo 4-8: 60 min.+30 sek dodatka za svaki potez,CRO,,28.08.2021  15:50,0,29,6,6,573462,Schweizer System
Turnir B - VII. Otvoreno kadetsko prvenstvo Grada Čakovca21.08.2021. do 25.08.2021.,20210821,20210825,,Šahovski klub Stridon i Šahovski klub Čakovec,Marko Poljan,Miroslav Tot NA (14519461),Roland Tomašić NA (14503689),Roland Tomašić NA (14503689) i Goran Pergar NA (14566443),Čakovec,60 min + 30 sec,CRO,,26.08.2021  01:26,0,12,9,9,575704,Schweizer System
"4th International Chess Tournament""Solta Chess Open 2021""",20210808,20210815,,"Chess Club Brda, Split","Mateo Ivic, FM [CRO] [14504146]","Mladen Bratosevic, IA [CRO] [14506203]","Krunoslav Lesic, IA [CRO] [14505258]","Ante Tomaš, NA [CRO] [14530929]","Solta [CRO], Grohote, Elementary School",90min + 30sec per move,CRO,,16.08.2021  12:09,0,160,9,9,560367,Schweizer System
"10th International Chess Tournament ""Split Open 2021""",20210731,20210807,,"Chess Club Brda, Split","Mateo Ivic, FM [CRO] [14504146], +385916400589",Vladimir Cvetnić IA [14516950],Denis Brulić FA [14506670],"Marko Šekelja NA [14527340], Ante Tomaš NA [14530929]",,90 mins + 30 secs per move,CRO,,07.08.2021  15:34,0,175,9,9,555890,Schweizer System
Pojedinačno prvenstvo Hrvatske za juniore do 17 godina,20210725,20210731,,Hrvatski šahovski savez,Alojzije Janković,"Vlado Karagić, FA","Borislav Vidović, NA","Pavo Matanović, ŽS","Split, Studentski centar Bruno Bušić, Spinutska 37","90'+30""",CRO,,31.07.2021  12:49,0,69,9,9,569387,Schweizer System
Pojedinačno prvenstvo Hrvatske za juniore do 19 godina,20210725,20210731,,Hrvatski šahovski savez,Alojzije Janković,"Vlado Karagić, FA","Borislav Vidović, NA","Pavo Matanović, ŽS","Studentski dom ""Bruno Bušić"" Spinutska 37, Split","90'+30"" standard",CRO,,31.07.2021  13:06,0,18,9,9,571196,Schweizer System
Pojedinačno prvenstvo Hrvatske za juniorke do 17 godina,20210725,20210731,,Hrvatski šahovski savez,Alojzije Janković,"Vlado Karagić, FA","Borislav Vidović, NA","Pavo Matanović, ŽS","Split, Studentski centar Bruno Bušić, Spinutska 37","90'+30""",CRO,,31.07.2021  13:16,0,15,9,9,569392,Schweizer System
Pojedinačno juniorsko prvenstvo Koprivničko-križevačke županije 2021.-djevojke-,20210703,20210704,,Šahovski savez Koprivničko-križevačke županije,Ivan Baruškin,"Marin Domović, CA 14570777",,,"Đurđevac, Dom kulture",30 minuta + 30 sekunda po potezu počevši od prvog,CRO,,04.07.2021  14:03,0,7,5,5,567904,Schweizer System
Pojedinačno juniorsko prvenstvo Koprivničko-križevačke županije 2021.-momci-,20210703,20210704,,Šahovski savez Koprivničko-križevačke županije,Ivan Baruškin,"Marin Domović, CA 14570777",,,"Đurđevac, Dom kulture","30 minuta + 30 sekunda po potezu, počevši od prvog",CRO,,04.07.2021  14:05,0,12,5,5,567903,Schweizer System
Pojedinacno prvenstvo Hrvatske za slijepe i slabovidne osobe 2021. godine,20210627,20210703,,HŠSSIS,IA Zoran Mijatović [14530791],IA Zoran Mijatović [14530791],NA Valter Valković [14514931],,SRC Erks Premantura,120 minuta za 40 poteza + 30 minuta do kraja partije,CRO,,03.07.2021  11:32,0,15,7,7,568259,Schweizer System
Pojedinačno kadetsko prvenstvo Hrvatske  - kadeti do 11 godina -,20210619,20210624,,Hrvatski šahovski savez,"Brkić Ivica, 14505835",IA Cvetnić Vladimir 14516950,"IA Saša Stanković, 14511436","FA Lacmanović Stipe, DS Giuseppe Ghersinich i ŽS Križanić Predrag","Trogir, hotel ""Medena""",90 minuta + 30 sekundi dodatka za svaki potez,CRO,,24.06.2021  11:06,0,34,9,9,563857,Schweizer System
Pojedinačno kadetsko prvenstvo Hrvatske  - kadeti do 13 godina -,20210619,20210624,,Hrvatski šahovski savez,Ivica Brkić,IA Vladimir Cvetnić,IA Mate Ivančić,"IA Ivica Leaković, ŽS Križanić Predrag","Trogir, hotel Medena",90 minuta + 30 sekundi dodatka za svaki potez,CRO,,24.06.2021  12:43,0,56,9,9,563907,Schweizer System
Pojedinačno kadetsko prvenstvo Hrvatske  - kadeti do 15 godina -,20210619,20210624,,Hrvatski šahovski savez,Ivica Brkić,IA Vladimir Cvetnić,IA Mate Ivančić,"IA Ivica Leaković, ŽS Križanić Predrag","Trogir, hotel Medena",90 minuta + 30 sekundi dodatka za svaki potez,CRO,,27.06.2021  13:24,0,57,9,9,563905,Schweizer System
Pojedinačno kadetsko prvenstvo Hrvatske  - kadeti do 7 godina -,20210619,20210624,,Hrvatski šahovski savez,"Brkić Ivica, 14505835","IA Cvetnić Vladimir, 14516950","IA Saša Stanković, 14511436","FA Lacmanović Stipe, DS Giuseppe Ghersinich i ŽS Križanić Predrag","Trogir, hotel ""Medena""",90 minuta + 30 sekundi dodatka za svaki potez,CRO,,25.06.2021  16:47,0,14,9,9,563852,Schweizer System
Pojedinačno kadetsko prvenstvo Hrvatske  - kadeti do 9 godina -,20210619,20210624,,Hrvatski šahovski savez,"Brkić Ivica, 14505835",IA Cvetnić Vladimir 14516950,"IA Saša Stanković, 14511436","FA Lacmanović Stipe, DS Giuseppe Ghersinich i ŽS Križanić Predrag","Trogir, hotel ""Medena""",90 minuta + 30 sekundi dodatka za svaki potez,CRO,,25.06.2021  16:49,0,25,9,9,563855,Schweizer System
Pojedinačno kadetsko prvenstvo Hrvatske  - kadetkinje do 11 godina -,20210619,20210624,,Hrvatski šahovski savez,"Brkić Ivica, 14505835",IA Cvetnić Vladimir 14516950,"IA Saša Stanković, 14511436","FA Lacmanović Stipe, DS Giuseppe Ghersinich i ŽS Križanić Predrag","Trogir, hotel ""Medena""",90 minuta + 30 sekundi dodatka za svaki potez,CRO,,25.06.2021  16:55,0,18,9,9,563856,Schweizer System
Pojedinačno kadetsko prvenstvo Hrvatske  - kadetkinje do 13 godina -,20210619,20210624,,Hrvatski šahovski savez,Ivica Brkić,IA Vladimir Cvetnić,IA Mate Ivančić,"IA Ivica Leaković, ŽS Križanić Predrag","Trogir, hotel Medena",90 minuta + 30 sekundi dodatka za svaki potez,CRO,,24.06.2021  11:24,0,15,9,9,563906,Schweizer System
Pojedinačno kadetsko prvenstvo Hrvatske  - kadetkinje do 15 godina -,20210619,20210624,,Hrvatski šahovski savez,Ivica Brkić,IA Vladimir Cvetnić,IA Mate Ivančić,"IA Ivica Leaković, ŽS Križanić Predrag","Trogir, hotel Medena",90 minuta + 30 sekundi dodatka za svaki potez,CRO,,24.06.2021  12:52,0,17,9,9,563904,Schweizer System
Prvenstvo Hrvatske za Veterane 2021.godinu,20210618,20210622,,Hrvatski šahovski savez  u suradnju sa ŠS Splitsko -dalmatinske županije,Ivica Brkić 14505835,"Mato Opačak, DS 14503026",,"Saša Tadinac, ŽS 14544962","Hotel ""Medena"" u Trogiru",30 min + 30 sec,CRO,,06.05.2022  05:28,0,20,7,7,566089,Schweizer System
Prvenstvo Istarske županije za kadete do 11 godina za 2021. godinu,20210605,20210613,,Šahovski savez Istarske županije,"NA Valković, Valter [14514931]","IA Milovac, Igor [14535661]","NA Valković, Valter [14514931]","NA Banovac, Goran [14571544]",Vodnjan,30 min + 30 sec per move,CRO,,13.06.2021  12:38,0,9,6,6,563909,Schweizer System
Prvenstvo Istarske županije za kadete do 13 godina za 2021. godinu,20210605,20210613,,Šahovski savez Istarske županije,"NA Valković, Valter [14514931]","IA Milovac, Igor [14535661]","NA Valković, Valter [14514931]","NA Banovac, Goran [14571544]",Vodnjan,30 min + 30 sec per move,CRO,,13.06.2021  13:44,0,10,6,6,563910,Schweizer System
U13- Pojedinačno kadetsko prvenstvo Zagrebačke županije,20210605,20210606,,ŠSZŽ i ŠK Sveta Nedelja,Igor Ševo,Damir Mihalinec,,Robert Kupek,Sveta Nedelja,30 min. + 30 sec.,CRO,,06.06.2021  13:44,0,8,6,6,564099,Schweizer System
U9 - Pojedinačno kadetsko prvenstvo Zagrebačke županije,20210605,20210606,,ŠSZŽ i ŠK Sveta Nedelja,Igor Ševo,Damir Mihalinec,,Robert Kupek,Sveta Nedelja,30 min. + 30 sec.,CRO,,06.06.2021  13:47,0,8,5,5,564137,Schweizer System
"Pojedinačno kadetsko prvenstvo Primorsko-goranske županije kadeti do 13 god, 22.-23.05.2021.",20210522,20210523,,Šahovski savez Primorsko-goranske županije,Siniša Kvaternik,"IA Birk, Bojan 14527677",,,"Kraljevica, Dvorac Frankopan, Rovina 6",30 min + 30 sek/potez,CRO,,24.05.2021  10:10,0,27,6,6,561486,Schweizer System
Kadetski turnir kluba ŠD VaraždinU16 ŠD Varaždin,20210521,20210522,,ŠD Varaždin,Miljenko Kelemen,Miroslav Smuđ,,,Varaždin,30'+30'' zasvaki odigrani potez,CRO,,22.05.2021  16:20,0,19,5,5,561714,Schweizer System
Turnir za mlade Gradište svibanj 2021,20210515,20210516,,SK Slavonac,Srećko Papac,Branko Vidačković,,,"Ljetna terasa zgrade udruga Trg Hr.Velikana 36, Gradište",30 min +30 sec dadatka po potezu (30 min for the entire game plus 30 second increment from move 1),CRO,,16.05.2021  15:06,0,34,7,7,554643,Schweizer System
"Pojedinačno kadetsko prvenstvo Primorsko-goranske županije  U11, 8.-9.05.2021.",20210508,20210509,,Šahovski savez Primorsko-goranske županije,Dalibor Reš,"IA Piacun, Eduard 14508877",,,"Kastav, boćalište Rubeši",30 min + 30 sek/potez,CRO,,10.05.2021  18:07,0,20,6,6,559545,Schweizer System
"Pojedinačno kadetsko prvenstvo Primorsko-goranske županije kadeti U15, 8.-9.05.2021.",20210508,20210509,,Šahovski savez Primorsko-goranske županije,Dalibor Reš,"IA Piacun, Eduard 14508877",,,"Kastav, boćalište Rubeši",30 min + 30 sek/potez,CRO,,09.05.2021  14:01,0,9,6,6,559546,Schweizer System
"4.Otvoreni pojedinačni turnir za kadete do 13 godina"" Rabac Open 2021 """,20210324,20210328,,Šk Sveta Nedelja,"Radalj, Ante","IA Dorić, Nenad (CRO) [14501694]","Jazvić, Tomislav (CRO) [14537532]",,Rabac (CRO) Hotel Valamar Sanfior,60 minutes with 30 second increment from move 1,CRO,,28.03.2021  10:58,0,11,7,7,535889,Schweizer System
"4rd International Chess Amateur Tournament "" Rabac Open 2021 """,20210324,20210328,,CC Sveta Nedelja,"Radalj, Ante","IA Dorić, Nenad (CRO) [14501694]","NA Mihalinec, Damir (CRO)","Jazvić, Tomislav (CRO) [14537532]","Rabac (CRO), Hotel Valamar Sanfior",90 minutes with 30 second increment from move 1,CRO,,29.03.2021  14:00,0,88,7,7,535886,Schweizer System
"Open 'Zlatni otok Krk' Malinska, 5.-8.11.2020.",20201105,20201108,,Šahovski klub DRAGA Rijeka,FM Ivan Mandekić,"IA Piacun, Eduard 14508877","IA Birk, Bojan 14527677",,"Malinska, hotel Malin","90'+30""",CRO,,08.11.2020  13:25,0,36,5,5,536609,Schweizer System
